PersonName,ParentName,Address,Date
Nicholas Hall,Jake Morgan,"6813 Hall Squares, Kristinfurt, KY 77583",2009-11-07
Brian Ali,Donald Hartman,"Unit 1755 Box 0822, DPO AA 34286",2011-04-01
Brian Stark,Nicholas Wall,"410 Timothy Junction Suite 307, Cainberg, GU 68484",2011-04-18
John King,Michael Quinn,"USNV Armstrong, FPO AP 81448",2010-12-03
Christopher Holmes,Lisa Rodriguez,"3164 Lauren Corners Suite 860, South Jeff, PW 15275",2009-01-18
Theresa Lewis,Thomas Anderson,"020 Megan Mews Suite 493, Bakerburgh, PR 79297",2011-01-27
Deborah Wagner,Chris Pacheco,"30723 Perez Ranch Apt. 399, Leeton, KY 09489",2010-03-22
Joseph Townsend,Vanessa Ho,"39657 Bird Club, South Ricky, ME 49066",2010-10-26
Angela Baker,Terry Ramos,"4179 Christina Lane, Jenniferstad, AS 27300",2009-10-06
Brad Harris,Raymond Hall,"58966 Randy Dam Suite 494, South Shannonburgh, KS 64408",2009-09-13
Michael Bryant,Sarah Becker,"966 Love Parks Suite 166, Alvarezside, VA 36395",2010-08-19
Troy Mckinney,Cassandra Vargas,"397 Hunt Estates, Cynthiastad, DC 06462",2009-09-01
Heather Shah,Jonathon Thompson,"657 Vargas Hill Suite 293, West Jared, NV 42881",2011-03-11
Shane Ellis,Mrs. Mary Singh,"0252 Corey Circles, Beardstad, KY 53451",2011-08-17
John Rodriguez,Crystal Miller,"816 Timothy Haven, Port Cameronchester, AK 63001",2009-03-30
Nathan Blevins,Joseph Thomas,"99638 Turner Street, Monroeburgh, WI 40416",2010-07-26
Brett Durham,Blake Hoover,"51198 Mitchell Valleys, Rogerberg, NH 35509",2009-03-02
Robert Hall,Jeffery Howell,"87679 David Village Suite 528, Nealhaven, NJ 12063",2009-07-23
Rebecca Ramsey,Sarah Peck,"702 Scott Junction Apt. 509, Jennabury, NV 77748",2009-10-03
Dana Williams,Kayla Whitehead,"232 Caleb Islands Apt. 711, Hillville, AK 31414",2011-06-04
Derrick Griffin,Ronald Beltran,"8617 Frank Port Apt. 777, New Kathleenport, AZ 07444",2009-09-16
Amanda Jensen,Jacqueline James,"06560 Garcia Stravenue, Mollymouth, AL 28499",2010-10-24
Christopher Klein,Andrew Burton,"Unit 8056 Box 6270, DPO AP 08427",2010-01-03
David Tucker,Daniel Martinez,"085 Lori Ville, Jordanton, OH 70888",2009-11-03
Jessica Johnson,Tonya Dominguez,"73864 Morrison Creek Suite 478, Lake Donaldstad, AL 50254",2009-08-07
Alan Cole,Peggy Walker,"4012 Lewis Summit Suite 278, Rubenhaven, MH 47249",2011-09-21
Diane Colon,Paul Lopez,"456 Christy Terrace, Tracyfurt, SD 34496",2010-02-24
Ariana Perry,Felicia Good,"3038 Madden Villages Suite 616, East Danielview, NH 63856",2010-06-15
Charles Hernandez,Tara Jefferson,"61656 Alyssa Branch, Rayhaven, IN 52717",2011-06-27
Melissa Welch,Jesus Butler,"162 William Centers Suite 953, South Davidville, NE 61246",2010-09-09
Lori Graham,Marie Cervantes,"73749 Robinson Corners, East Stephanie, SD 59322",2009-05-15
William Willis,Corey Mathis,"23875 Davila Plaza, Ricefort, AK 97520",2009-01-17
Michael Kelly,Jessica Johnston,"66859 Erica Underpass Suite 748, Christophermouth, PR 95224",2011-03-01
Joseph Wilson,Hayden Long,"101 Smith Plaza Apt. 124, New Adam, PR 79415",2009-02-25
Melissa Newton,Mark Glenn,"786 Sonya Light, Bethmouth, ID 75710",2010-08-17
Linda Taylor,Melissa Mendoza,"0227 Wilson Lane Apt. 905, Juliebury, LA 22431",2009-04-28
Michael Zimmerman,Bradley Conway,"Unit 8444 Box 0866, DPO AP 69938",2009-03-16
Dalton Weber,Ellen Luna,"158 Abbott Valleys, West Clayton, MH 07005",2010-03-23
Clarence Nelson,Marco Walker,"480 Sawyer Parkway Suite 662, North Tiffanychester, SC 84103",2010-03-06
Katherine Schneider,Daniel Miller,"1823 Davis Lane, West Michael, PR 89536",2011-02-21
Juan Tucker,Hannah Rice,"5696 Melinda Spurs Suite 964, Nicholasstad, IL 69651",2009-04-08
Sarah Howell,Juan Turner,"147 Alexander Path, East Brandonton, OH 85526",2009-01-26
Courtney Smith,Alan Compton,"590 Graham Walks Suite 090, Smithchester, WY 44256",2009-06-08
Vernon Clark,Kurt Pitts,"603 Jeffrey Shores, Lake Ericamouth, OH 24276",2011-09-13
Thomas Reyes,Frank Padilla,"6243 Joshua Unions Suite 660, North Christinashire, TX 88742",2011-08-28
Tiffany Leach,Denise Miller,"44248 Harvey Locks Suite 691, Port Benjaminburgh, WI 16273",2010-09-25
Kathleen Rios,Eric Thompson,"47534 Hernandez Stream, Lake Tim, MP 62808",2009-08-25
Jeremiah Porter,Jamie Frank,"476 Robert Mills, Lake Amandachester, DE 07640",2011-06-19
Shawn Hernandez,Joseph Martinez,"454 Sampson Port Suite 475, North Deanna, OR 29949",2011-07-11
Allison Collins,Lynn Dillon,"6825 Cobb Forks Apt. 932, Lake Pamela, TN 29195",2009-07-06
Felicia Rodriguez,Reginald Johnson,"220 Gonzalez Mews Apt. 690, Franciscochester, GA 50970",2011-02-28
Brandon Young,Steven Leonard,"66813 Heather Drives, Port Janet, MP 17398",2010-01-14
Tiffany Burns,Riley Browning,"589 Katherine Burgs, East Michael, WV 89195",2010-03-26
Stephanie Garcia,Joel Cox,"7283 Harris Pass Apt. 293, New Karen, LA 28672",2010-04-24
William Sutton,James Singh,"USS Ferguson, FPO AP 86582",2009-05-30
Dr. Cheryl Lopez,Charles Alexander,"5424 Roberts Glen, Reyesport, OH 97819",2010-12-20
Toni Hogan,Zachary Mitchell,"50830 Scott Ways Suite 203, South Matthewfort, UT 07624",2009-12-28
Joe Clayton,Bob Hopkins,"8219 Denise Knoll Apt. 657, New Lisa, MP 75318",2010-02-20
Michael English,Karl Mcdonald,"75525 Baldwin Hollow, North Timothy, NY 23930",2009-05-04
Shelia Phillips,Cheryl Rodriguez,"9070 Courtney Circle Apt. 823, Cookborough, AZ 03595",2011-02-23
Anthony Williams,Sophia Cooper,"2664 Jennifer Lake Suite 131, Kristiview, AR 20940",2010-05-02
Steven Alvarez,Michael Lee,"699 Tonya Rest Suite 740, North Yolanda, MA 01463",2010-11-20
Jeremy Walker,Jared Olsen,"PSC 5309, Box 6657, APO AA 55789",2011-01-13
Ronald Sandoval,Sheila Kelley,"2169 Barnes Streets Suite 347, Williamberg, VI 18514",2011-08-25
Tiffany Hubbard,Charles Stewart,"83396 Rivera Extensions Suite 416, West Danielmouth, DE 51041",2009-11-10
Dalton Mcintosh,Donald Williams,"4255 Mason Forks, Ramirezchester, UT 04074",2010-01-29
Christine Cooper,Chase Bridges,"3579 Parks Branch Suite 969, Anthonyborough, WA 53859",2010-06-22
Molly Hopkins,Joel Gutierrez V,"479 Garcia Hollow, Kimberlyland, RI 15604",2010-07-31
Stephen Kirk,Lucas Mcdowell,"318 Clarke Glen, Port Antoniofort, LA 42384",2009-12-02
Anthony Mayer,David Navarro,"449 Johnson Cliff Suite 735, West Stephanie, IN 45108",2009-04-10
Trevor Walsh,Patty Hughes,"2447 Michele Lodge Suite 413, Lake Scott, GA 66294",2009-06-25
Clayton Todd Jr.,Whitney Shepard,"9669 Berg Neck Apt. 867, West Matthew, WY 56392",2009-07-08
Catherine Perez,Leslie Sosa,"72718 Michael Streets, Daltonburgh, KS 27926",2010-11-25
Mark Moore,Alexander Lane,"86365 Trevor Knolls Apt. 912, Shepardmouth, CA 57151",2010-05-12
Gabriella Noble,Bryan Jennings,"53167 Karen Isle Apt. 959, Kellifurt, ID 90888",2009-09-28
Dakota Moore,Debbie Flores,"8943 Woodward Inlet, Lindseyberg, NE 93600",2009-02-26
Darrell Torres,Jennifer Owens,"64614 Mccoy Drives, North William, NC 90688",2009-10-13
Jacqueline Petersen,Mark Johnston,"2005 Sarah Village Suite 730, Courtneystad, RI 49719",2009-11-05
Kimberly Wilson,Richard Carter,"70067 Meghan Village, New Cassandraton, OK 95536",2011-05-24
Matthew Roberts,Stephanie Wilson,"10162 Smith Shoals Apt. 981, Barkershire, GA 31184",2009-04-25
Christine Olson,Lindsey Moore,"PSC 8414, Box 0781, APO AA 07598",2010-11-18
Bethany White,Stephen Jones,"Unit 3295 Box 2903, DPO AP 40466",2011-01-29
Andrea Bolton,Amanda Stanton,"18933 Moore Locks Suite 856, Gregoryhaven, DE 24195",2009-11-19
Elizabeth Navarro,Andrew Kim,"9208 Sloan Lake Apt. 581, Robinsonview, MA 68573",2011-03-19
Karen Moore,Donald Romero,"72705 Jon Isle Apt. 261, Perezview, IN 85210",2011-01-04
Catherine Love,Joseph Jones,"3555 Dan Ridge, South Leeville, MN 68712",2009-08-04
Jessica Alvarez,Alexandra Salazar,"878 Shaffer Rue, Kathrynbury, NV 74027",2010-12-23
Brittany Kirk,Mr. Richard Torres,"094 Sherman Ville Apt. 386, Michaelberg, WV 84104",2010-01-05
Felicia Johnson,Elijah Huffman,"463 Michael Lock, Stevenston, MO 25581",2011-08-29
Bradley Bautista,Jacob Wong,"52474 Gary Drives Apt. 080, Garyburgh, FM 60447",2010-01-22
Anna Ward,Danielle Nichols,"3481 Patrick Oval Apt. 900, Stacyfort, NJ 21509",2009-10-12
Cindy Jones,Tammy Stewart,"33873 Christopher Walk Suite 435, West Michael, VI 45721",2009-05-13
Aaron Mcdowell,Patrick Fitzgerald,"85459 Eric Heights Apt. 654, North David, MH 25541",2009-02-22
Denise Lewis,Donna Burch,"29774 Hicks Inlet Suite 696, Walshbury, NV 86564",2009-04-12
Tammy Watson,Brad Wright,"929 Alex View, Annetteside, DE 70338",2011-05-15
Juan Hart,Daisy Davis,"5954 Angela Curve Suite 819, Port William, CA 69799",2010-07-27
Richard Shepherd,Maria Hull,"498 Oneill Light, South Jaredport, MO 81071",2011-03-20
Brian Williams,Brandon Wilkerson,"29079 Gabriela Cliffs Suite 585, Whitefurt, WI 72353",2009-06-27
Lori Humphrey,Susan Long,"PSC 7441, Box 5276, APO AP 94284",2011-05-19
Dawn Murray,Kelly Frazier,"93171 Julie Summit Apt. 501, New Elaine, CT 91320",2011-01-01
April Martinez,Daniel Patel,"635 Smith Creek Suite 576, Port Adrianfort, NJ 50637",2009-12-10
Rebecca Lynch,Heather Travis,"USCGC Cannon, FPO AE 66374",2010-11-19
Janet Frey,Michael Dawson,"86007 Miller Common, North Elizabeth, NV 78198",2011-06-25
Angel Banks,Ashley Bennett,"173 Jeremiah Plains, East Candiceton, WV 10962",2009-01-03
Lawrence Perez,Deborah Perkins,"53716 Kristin Trafficway, Lake Michaelmouth, MI 38328",2011-04-11
Bobby Murray,Jeffrey Butler,"6294 Donna Gardens Apt. 353, West Melanie, ND 07952",2010-12-04
Jorge Patel,Veronica Jones,"320 Smith Expressway Apt. 764, Port Phyllisfort, FM 79896",2011-04-10
Emily Hernandez,Robert Holmes,"6926 Jessica Circle, Murphyland, MS 93344",2011-07-09
Bruce Roberts,Andrew Sanchez,"286 Brenda Valley, Meltonburgh, FL 86042",2010-09-16
Joseph Snow,Melissa White DDS,"884 Gary Divide Suite 808, Alexanderton, DC 87410",2011-01-31
Jose Miller,Mariah Huang,"513 Pearson Park Suite 525, New Dana, VA 41456",2011-09-22
Michael Holloway,Grace Ellison,"37461 Derek Rapids, Jonesland, NC 51289",2009-06-21
Luis Wade,Timothy Young,"59647 Marissa Fords Apt. 451, East Ryanland, RI 29957",2010-03-21
Lisa Myers,Jessica Logan,"897 Samantha Mission, Reginaborough, MT 14856",2010-07-01
David Williams,Deborah Hernandez,"222 Stanley Village Suite 681, Powellchester, MS 92142",2009-03-13
Robert King,Valerie Anderson,"61290 Eric Fork Suite 068, Rangelchester, MT 90275",2009-01-21
Kelli Ramirez,Sharon Jones,"Unit 2049 Box 8952, DPO AA 21447",2009-09-27
Francisco Nash,Bernard Kramer,"334 Russell Ports Suite 463, Timothychester, ND 56442",2010-05-09
Tracy Hill,Tim Martinez,"597 Thompson Cove, Johnsonborough, NV 63803",2009-02-19
Colin Hodge,Angela Simpson,"386 Wilson Roads Apt. 577, New Michael, VI 01970",2010-08-08
Sara Allen,Eric Rangel,"22711 Joshua Springs, Ellisonshire, NE 20577",2010-04-23
Dustin Douglas,Nicholas Boyd,"42786 Christopher Stravenue Apt. 869, Mooreton, VT 33285",2009-08-17
Cheryl White,Jeffrey Tran,"99552 Kaitlyn Cliffs Suite 375, North Robert, NV 23662",2011-08-09
Claudia Adams,Jason Williams,"PSC 5711, Box 6339, APO AA 66698",2009-01-12
Jason Olson,John Stone,"34419 Samantha Mountains, Smithberg, IA 69494",2010-07-19
Jennifer Ross,Victoria Skinner,"41418 Christopher Knolls Suite 616, Stephenview, RI 46942",2009-02-27
Tammy Schmidt,Allison Walker,"6584 Jesse Passage, Chadmouth, GA 82788",2011-03-03
Jaime Jones,Damon Randall,"251 Henderson Spur Suite 983, West Anthony, VI 39332",2011-08-07
Dana Williams,Paige Owens,"Unit 9607 Box 3642, DPO AP 35411",2009-05-07
Jimmy Tyler,Sergio Acevedo,"PSC 9227, Box 8607, APO AA 19093",2011-06-22
Eric Melton,Vincent Bennett,"792 Joel Viaduct, Nelsonbury, MO 56269",2010-10-09
Debbie Robinson,Stephanie Henry,"8022 Karen Orchard, Lake Christopherstad, PW 39985",2011-05-10
Amy Powers,Michelle Jones,"PSC 1299, Box 2199, APO AA 66497",2009-06-23
Robert Wilson,Mackenzie Smith,"212 Richard Prairie Suite 672, Kathrynburgh, NJ 51354",2011-06-01
David Kim,Kathy Reynolds,"701 Murphy Cliffs, East Davidhaven, TN 55423",2010-01-31
Jesse Barnes,Diane Schmidt,"22871 Nathan Club Apt. 276, New Michelleshire, NV 89216",2010-05-05
Jennifer Lee,Eric Tapia,"879 Charles Plain, North Alanland, SD 30644",2009-08-31
Tonya Gardner,Kathy Townsend,"4680 Edwards Inlet, Elizabethside, AL 91192",2009-09-07
Alexander Perez,Karen Patel,"11310 Diaz Island, Quinnfort, ND 46360",2011-06-05
James Wise,Michael Campbell,"346 Chung Views Suite 019, South John, CT 36851",2011-02-12
Robert Hill,Mr. Brian Scott II,"06699 Perry Harbors, South Dean, NC 22822",2010-06-21
Isaac Joseph MD,Alicia Kemp,"927 Jake Park, Port William, AK 06376",2009-07-30
Bryan Farley,Ronald Taylor,"5719 Joshua Isle Apt. 637, Port Jacobstad, CO 54731",2010-08-28
Brian Davis,Jennifer Moran,"96362 Shannon Lock, Port Richardhaven, NY 65842",2009-12-31
Jacqueline Green,Brandon Hart,"962 Patterson Summit, Lake Danielhaven, ID 34793",2011-07-31
Elizabeth White,Tracy Mcintyre,"480 Boyle Mountains Suite 463, North Melaniehaven, IN 66595",2009-02-06
Charles Smith,Ashley Carroll,"9398 Anna Motorway, North Michaelton, CA 44864",2009-06-17
Jeffrey White,Kyle Mitchell,"2000 Goodwin Roads, Hannahview, SD 80945",2010-09-13
Andrew Leon,Andrea Richards,"5795 Brown Cape, Lewishaven, MS 60006",2010-10-06
Sharon Baker,George Adkins,"73282 Hill Plaza Suite 087, South Tammy, AS 52237",2009-03-24
Laura Powers,Christopher Parker,"4144 Cruz Rue Suite 575, New Tiffanyfurt, OR 45434",2009-11-01
Jade Stephens,Jill Bennett,"871 Paul Knolls Apt. 958, South Angel, ID 49969",2010-12-16
Laura Mccullough,Janet Howe,"Unit 0447 Box 7123, DPO AP 19866",2009-12-17
Michelle Farley,Melissa Perez,"093 Joshua Common Apt. 664, Chapmanburgh, NC 47299",2010-02-18
Zachary Dawson,Kimberly Yates,"200 Michelle Points Apt. 061, Doyleshire, FM 77294",2009-07-16
Dennis Mendoza,Brenda Stokes,"97613 Tyler Walks, South Robert, WI 53564",2009-03-20
Gary Mendoza,Lonnie Bailey,"387 Lawson View Apt. 493, South Danielshire, PA 84889",2009-11-28
Mr. Kenneth Nelson,Joseph Barnes,"238 Contreras Branch Apt. 647, Port Terri, HI 08516",2011-02-09
Gerald Kim,Jacob Hansen,"5176 Burch Isle Suite 262, Sylviaburgh, VI 38732",2009-02-09
Erin Dickerson,Mrs. Elizabeth Wade,"94755 Shah Crest Apt. 814, North Davidton, UT 54508",2010-05-29
Gloria Gonzales,Andrew Hamilton,"00604 Nina Wells, Lopezstad, NC 99679",2009-07-05
Bailey Palmer,David Herring,"9447 Cynthia Islands Apt. 758, Port Christine, HI 23360",2010-01-04
Rick Luna,Michelle Smith,"3349 Nicole Unions Suite 509, Kathrynview, DE 65218",2010-11-17
Diane Thompson,Kiara Gamble,"128 Phillips Corner Suite 410, East Shawn, MN 23104",2010-12-07
Amanda Morales,Jose Stone,"14934 Krystal Lodge, Curtisbury, IA 35820",2010-07-11
Melanie Kane,Stephanie Myers,"4870 Hodges Plaza, Kellystad, IA 78689",2010-02-06
Lindsey Lane,Kelly Nelson,"46649 Hayes Cove Suite 069, Christophershire, WA 46177",2011-07-21
Stephen Moyer,Lisa Morales,"8518 Conley Meadow, South Janet, OK 18565",2009-03-15
Johnny Robinson,Samantha Mccarthy,"81950 Kiara Vista, Diazbury, NC 09396",2010-10-02
Faith Jensen,Garrett Smith,"Unit 8813 Box 1364, DPO AE 50510",2011-07-15
Monica Hughes,Lauren Watts,"USNS Stanley, FPO AA 61232",2009-05-02
Briana Coleman,Mark Jacobs,"576 Daniel Islands, Hartmanton, WV 87103",2009-02-15
Jennifer Hunter,Julia Washington,"26600 Crawford Brook Apt. 010, Gilbertton, AZ 49086",2010-03-01
Kathleen Ferguson,Toni Olson,"46767 Moore Centers Suite 368, Donaldburgh, MT 08986",2011-04-03
Suzanne Chen,Amanda Barnes,"61327 Johnson Row, South Kristenbury, KY 19787",2009-03-05
Ronald Washington,Timothy Beck,"47453 Cain Walks Apt. 125, Angelaport, MP 29165",2009-05-31
Frank Martinez,Debbie Huff,"29073 Heather Isle, Port Kimberlyport, OH 29281",2009-06-01
Kevin Reyes,Ann Rogers,"7158 Victoria Unions, East Veronicashire, DE 53729",2009-06-15
Nathaniel Logan,Brandon Phillips,"1694 Stephen Turnpike Suite 048, West Scottview, MS 54367",2011-07-25
Steve Jones,Mary Mccarty,"37715 Andre Creek, Danielleville, MT 13690",2009-01-04
Taylor Rice,Christopher Cox,"68325 Jackie Vista, Chaseville, GA 32962",2011-03-31
James Ellis,Casey Chan,"13667 Griffin Route Suite 617, Hernandezfurt, VA 96397",2011-07-22
Angela Taylor,Madeline Williams,"15142 Tiffany Divide, Martinezton, MO 19500",2010-07-09
Kathy Cameron,Caitlin Wilson,"8895 Charles Shoals, Robinview, IA 35039",2011-05-27
Billy Stone,Anthony West,"17145 Robert Valleys Suite 026, Lake Jonathan, NM 41368",2009-04-02
Jennifer Summers,Mr. Benjamin Wilkinson,"877 Barton Corner, East Veronicafort, VI 28350",2009-10-18
Erica Diaz,Deanna Jimenez,"343 Mary Garden Suite 261, Port Mike, FM 47105",2009-01-14
Robert Cole,Craig Bailey,"Unit 5459 Box 5676, DPO AE 63177",2009-05-05
Samantha Hoffman,Amy Zimmerman,"559 Daniel Loop, North Bryantown, PA 72489",2010-02-28
Michael Fitzgerald,Ariana Vincent,"5379 Desiree Trace Suite 165, Nathanielport, MA 24873",2010-05-22
Casey Aguirre,Kelsey Everett,"2137 Kramer Cliff Apt. 724, Lindseyfurt, ID 50897",2010-03-09
Joseph Rodriguez,Sheri Taylor,"129 Joseph Cove Suite 773, New Wanda, NY 02595",2009-10-25
Jamie Stark,Jamie Mullen,"PSC 8668, Box 3120, APO AE 88408",2009-03-10
Breanna Hall,Timothy Lynch,"7503 Klein Mission, Lake Davidshire, SD 40209",2009-04-14
Patrick Smith,Micheal Smith,"153 Michelle Stravenue Suite 763, North Matthew, KS 62605",2009-12-29
Terri Brown,Michele Phillips,"4544 Rodney Plaza, East Nicholas, DE 49135",2009-11-08
Stephanie Young,Sara Beltran,"095 David Trace, West Brian, WV 20901",2010-05-01
Eric Lee,Thomas Lee,"809 Anderson Terrace, Hensleyville, CT 23450",2011-03-08
Lori Castillo,Elizabeth Williams,"180 Alvarez Overpass, North Lisatown, NJ 90109",2011-09-10
Chase Duncan,Thomas Blankenship,"753 Brown Circles, Carolineside, DE 44883",2009-05-24
Thomas Day,James Garcia,"8982 Barbara Island Apt. 708, Oliverbury, LA 10285",2011-06-18
Mark Ali,Keith Rivera,"651 Crystal Manors, Lake Jessica, AK 25036",2009-03-14
Johnny King,Connie Glenn,"4197 Miguel Summit, Amandaport, OR 54914",2009-10-11
Patricia Stevenson,Eric Moore,"63118 Norris Forge, Lake Kyle, FM 97011",2010-08-20
Mary Clark,Melissa Moore,"901 Donald Mission, Barnesberg, MN 20690",2010-06-26
Andrew Arroyo DVM,Sandra Howe,"405 Ortiz Fork, Avilabury, FM 91126",2011-08-22
Wendy Grant,Juan Thompson DVM,"565 Smith Spring Suite 336, Williamsview, FL 36509",2010-10-28
Jordan Carlson,Albert Zavala,"043 Chapman Overpass Apt. 025, East Andrewberg, AZ 31538",2010-07-06
Charles Miller,Miranda Liu,"77741 Hampton Prairie, Tanyaport, ID 80164",2011-02-13
Destiny Jackson,Jessica Levine,"3303 Stacey Summit Apt. 741, Port Craigshire, AK 65971",2010-04-05
Lori Rodriguez,Jeffrey Collins,"3265 Melinda Walks Suite 132, North Jeffreyside, OK 81999",2009-01-23
Janice Herrera,Todd Schneider MD,"143 Tyrone Mission Suite 470, Jesusmouth, MA 80665",2010-03-30
Sean Garcia,Tyler Hart,"32924 Morales Brook Apt. 977, North Markhaven, CT 35653",2011-06-11
Nicole Franklin,Janice Stafford,"USNV Long, FPO AA 06932",2011-01-17
Sarah Moore,Megan Diaz,"634 Davenport Harbor, Port Luisville, MS 87465",2010-06-14
Jose Olsen,Tina Kennedy,"325 Luna Bypass Suite 972, West Nicholas, FM 46980",2010-03-28
John Gordon,Danielle Morgan,"06735 Rodriguez Mill Apt. 985, Molinabury, MS 89349",2009-07-12
Melanie Cox,Sonya Reed,"3895 Bryan Road, Seanhaven, RI 17439",2009-12-06
Lisa Faulkner,Jason Johnson,"7521 Nicole Dale, East Coreyborough, WY 58575",2010-10-25
Courtney Santos,Patrick Harris,"8423 Brown Mountains Suite 136, South Yolandafurt, NV 39094",2010-08-09
Brian Burch,Melanie Rodriguez,"256 Julie Underpass, Smithbury, CT 07292",2011-02-03
Timothy Andrews,Paul Ramos,"8007 Watts Cliffs, South Bobbymouth, GU 70039",2011-08-23
Karina Daugherty,Pamela Burch,"5710 Jones Island, Bowersland, SD 19411",2011-02-10
Anthony Jones,Ariana Jones,"Unit 3612 Box 7861, DPO AP 86165",2011-02-07
Sara Hoffman,Amy Drake,"2511 Kevin Vista Suite 466, Smithberg, MN 94349",2010-06-07
Jeff Hall,Matthew Barnett,"PSC 2920, Box 5081, APO AE 13639",2011-01-10
Christine Haley,Crystal Compton,"3075 Gray Springs Suite 570, East Vickieton, FM 22620",2010-11-26
Eric Beck,Marie Swanson,"513 Cassandra Turnpike Apt. 961, West Aprilchester, MI 46076",2009-02-14
Toni Jones,Gordon Mcdonald,"680 Amanda Walks, Brettfurt, MP 20822",2011-06-07
Nancy Rodriguez,Troy James,"800 Lee Crescent, Jessicaville, NJ 89180",2010-11-16
Melissa Solis,Brianna Patton,"1923 Chavez Islands, Lake Ethanmouth, WI 88646",2010-12-28
Thomas Long,Erika Hall,"346 Kathy Ridges, New Andrew, SC 83689",2010-08-04
Lisa Chapman,Sheila Tran,"29832 Candice Branch Suite 736, Racheltown, SC 71701",2009-07-07
Megan King,Timothy Buckley,"2243 Mccarthy Ways Apt. 030, Kellymouth, MP 35332",2009-03-27
Allen Rice,Jill Alvarez,"4436 Nathan Spring Apt. 805, West Holly, OR 47502",2011-04-05
Erin Phelps,Kimberly Williamson,"6287 John Bridge Suite 323, Ballside, UT 04704",2009-04-30
Madison Lambert,Diane Wright,"1101 Turner Meadow Suite 014, North Tyrone, PR 43692",2010-11-05
Samantha Turner,Emily Morales,"2965 David Fall Suite 437, Kimberlyshire, SD 07159",2010-11-12
Nicole Powell,Wesley Hart,"519 Owens Pines Suite 284, Port Kristin, VI 07252",2010-02-07
Jared Walters,Frank Shannon,"USCGC Stewart, FPO AE 64170",2011-03-30
Stephanie Brown,Jodi Davis,"015 Brian Bridge, Charlesshire, AS 39421",2011-04-17
Robert Washington,Lee Rodriguez,"8866 Michael Knoll, Sullivanmouth, MS 55536",2009-10-08
Mr. Jordan Griffith,Gwendolyn Jimenez,"62497 Robert Islands Suite 986, Port Keithview, AK 98666",2009-03-23
Curtis Medina,Courtney Lee,"270 Valentine Turnpike Suite 119, Danielhaven, NM 08640",2010-08-13
James Tanner,Brian Lee,"02285 Malone Isle, Taylorport, VA 77233",2010-01-27
Diane Oneill,William Powell,"422 Jennifer Flats, South Lisa, GA 34522",2010-06-20
Patricia Giles,Alicia Bennett,"USNS Davis, FPO AA 46395",2009-09-19
Karen Peterson,Brittney Dean,"51340 Katherine Hill Apt. 143, East Sonya, IL 02702",2009-08-14
Daniel Mcdonald,Willie Pittman,"60952 Nancy Land Apt. 991, Hermanberg, NV 83169",2010-06-12
Brittany Maldonado,Brooke Simpson,"134 Williams Village Suite 104, Crystalland, IA 26962",2010-01-15
Elizabeth Cruz,Jodi Obrien,"229 Ashley Run Suite 148, West Shane, AL 28855",2009-06-14
Paula Burns,Kathy Smith,"832 Dana Corner Apt. 146, Annabury, HI 12244",2010-09-19
Anthony Martin,Amy Blevins,"792 Donna Summit, Sosamouth, ME 03808",2010-10-23
Jennifer Scott,Lisa Garcia,"USCGC Acevedo, FPO AP 83950",2011-05-23
Stephen Rodriguez,Matthew Johnson,"8935 Wilson Lights, North Shawn, AZ 17825",2009-05-06
David Gregory,Jared Howard,"1201 Smith Ferry Apt. 948, Matthewchester, NH 51314",2010-10-16
Makayla Roberts,Kelly Wheeler,"8776 Zimmerman Summit Apt. 045, North Nancy, KS 14443",2011-01-14
Brian Smith,Cameron Atkinson,"0040 Tyler View, Mcintyrestad, CA 98169",2011-06-02
Crystal Cain,Billy Sharp,"58873 Henry Oval Apt. 961, Vanessafurt, TX 56265",2010-09-07
William Miller,Logan Hawkins,"5506 Woods Green Suite 650, Port Michelle, OR 44927",2010-05-21
Aaron Estrada,Roberto Ware,"65792 Santiago Keys Suite 360, Lake Catherine, IL 26717",2010-09-01
William Kane,Amy Woodard,"28056 Ethan Haven Apt. 269, South Matthewfort, MH 33324",2009-12-01
Jennifer Hampton,James Ray,"353 Phillips Dale Apt. 202, Craigburgh, NH 42672",2009-01-25
Joshua Montgomery,Jake Webb,"04659 Smith Centers, Jeromeside, WI 71228",2010-04-21
Lisa Adams,Renee Robinson,"PSC 4860, Box 6647, APO AA 30744",2010-05-06
Jordan Reed,Suzanne Johnson,"35934 Davidson Lane Apt. 967, Port Tonyaville, GA 16134",2009-08-21
Mr. Ian Randall,Lindsey Morris,"8561 Tyler Forge, Markland, GA 12929",2010-03-24
Alison Mcmahon,Patricia Mcdonald,"USNS Parker, FPO AE 18972",2011-02-19
Eugene Blair,Jeremy Dean,"PSC 8065, Box 8246, APO AP 20730",2009-06-28
Laura Henry,Dr. Carl Prince,"058 Johnson Forges Suite 767, East Rick, SC 39474",2010-04-04
Robert Spence,Christine Ross,"28095 Rodriguez Fort Apt. 917, West Nathanview, IA 45822",2009-10-19
Collin Johnson,Timothy Logan,"PSC 3368, Box 9717, APO AE 42434",2009-07-26
David Day,Donald Cabrera,"806 Bobby Road Suite 375, New Charles, TX 64141",2011-04-09
Teresa Blanchard,Jessica Sanders,"540 Wolfe Spur Apt. 864, West Jasonport, UT 57213",2010-08-05
Cathy Dean,Emily Anderson,"064 Jasmin Hill, Ericabury, CT 49849",2010-06-01
Joshua Chen,Kelly Schmidt,"Unit 1008 Box 9454, DPO AP 60520",2009-10-29
Melissa Young,Elijah Rose,"48904 Kent Rest Suite 132, Danielleberg, KY 30921",2010-05-26
Jessica Davis,Juan Davis,"7444 Edward Forge Apt. 478, Paulburgh, OK 90973",2011-08-02
Megan Morales,Melissa Little,"USNV Ramirez, FPO AP 24746",2010-04-20
Kristen Hill,Kristin Griffin,"2378 Mason Mountain Suite 496, Wigginsbury, MH 85506",2010-10-29
Lawrence Pena,Russell Wiley,"91591 Burke Pine, Richardsland, MT 59665",2010-03-05
Carl Kim,Terry Taylor,"339 Cox Avenue, South Martinview, IA 68752",2009-08-29
Jessica Harris,Holly Steele,"48628 Steele Track Apt. 834, Jonesview, NE 42017",2010-03-14
Joshua Calhoun,Gary Thompson,"55810 Jones Bypass, Kennethmouth, PR 85055",2010-02-25
Brett Cole,Jesse Ryan,"61511 Morales Brooks, Jasonland, DE 16141",2009-09-18
Gary Richardson,Wesley May,"53951 Mariah Isle Suite 388, Bakerview, SD 10876",2011-03-12
Elizabeth Gonzalez,Eduardo Ramirez,"10544 Lawrence Wall Suite 061, Emilyberg, TN 14321",2011-02-26
Kimberly Beck,Steven Taylor,"1574 Hinton Spurs, West John, DC 42892",2010-04-29
Jeffery Ford,Meredith Hernandez,"352 Nicole Rapids, Heathermouth, MN 18199",2009-09-22
Alexis Miller,Elizabeth Oconnell,"66923 Boyd Junction Suite 624, Melaniemouth, MH 67038",2011-09-15
Lonnie Taylor,Kyle Johnson,"38181 John Mountains, North Elizabethmouth, HI 69141",2010-08-06
Bridget Morales,Savannah Green,"PSC 7284, Box 3273, APO AP 68994",2009-02-01
Anthony Wolf,Nancy Sanchez,"11039 Scott Spur Apt. 487, North Curtisside, IN 74605",2009-04-09
Erica Parrish,Destiny Nunez,"43213 Emily Villages, Port Curtisfort, AK 48008",2009-05-16
Kimberly Harris,Bobby Hughes,"56382 Barnes Brook Apt. 722, Hansonville, VI 99642",2010-09-26
Rhonda Castro,Daniel Reeves,"20260 Melissa Terrace, Lake Jasonshire, VA 57783",2010-05-28
Amanda Wilcox,John Rogers,"4493 Richard Green Apt. 851, Paigefurt, AS 18356",2011-01-18
Peter Walters,Catherine Brown,"429 Proctor Mill, Kaylaview, CT 39807",2010-03-16
Melissa Patterson,Zachary Anderson,"8893 Cathy Hills Apt. 248, Lake Rebecca, KS 72983",2009-04-19
Jessica Berry,Richard Perez,"081 Hill Forks, Morganside, KY 46582",2010-07-23
Anthony Rodriguez,Vincent Baldwin,"161 Matthew Course, East Tara, MO 31537",2009-05-23
Janet Perez,Janice Finley,"25801 Timothy Circles, Brentmouth, OR 58661",2011-01-28
Mary Carrillo,Jennifer Sanchez,"0113 Heather Station Apt. 555, Lake Ashley, SC 68773",2011-03-28
Annette Allen,Vanessa Cole,"0235 Anderson Turnpike Apt. 579, Lake Melissa, MD 36876",2009-09-10
Crystal Rivera,Patrick Clements,"53902 Gibbs Road, Richardsonburgh, IA 76003",2009-12-04
Julie Simon,Douglas Garcia,"521 Adam Knolls, East Madisonmouth, MD 10901",2010-10-14
Scott Moore,Billy Cox,"8382 Lewis Station Apt. 725, Carrollstad, NE 98501",2009-06-05
Timothy Wang,Arthur Velazquez,"665 Carmen Station Apt. 249, Lake Michelleview, AZ 63880",2010-08-27
Sherry Atkins,Amy Hall,"9866 Jeffrey Ways, North Hannah, VI 45211",2010-10-15
Anthony Hall,Larry Thomas,"883 David Key Suite 812, Port Robert, NJ 62549",2010-12-12
Alyssa Calderon,Melissa Walters,"1202 Anita Hollow, Shannonside, ME 64655",2011-08-15
Martin Smith,Linda Carpenter,"PSC 6516, Box 2079, APO AP 71803",2009-05-12
Susan Christian,Jennifer Johnson,"58603 Mark Corners Suite 620, Lake Deniseside, NV 09968",2009-03-25
Cody Butler,Nancy Mitchell,"363 Stephanie Course, Sharifurt, IL 94633",2011-02-20
James Hernandez,Megan Patton,"9674 Tate Curve Suite 793, Edwardsshire, MN 73443",2010-03-20
Deanna Sanchez,Diana Dennis,"7238 Michael Knolls, East Joseph, IN 11115",2010-02-09
Christopher Melendez,Morgan Bates,"Unit 9906 Box 8626, DPO AP 54061",2011-05-18
Jacob Sanchez,Ann Richards,"14782 Thomas Shoals Apt. 079, Lake Maria, MS 38870",2011-04-15
Mia Boyd,Carrie Jones,"59597 Thomas Views Apt. 008, Danielberg, SC 63702",2011-03-07
Shelby Hunt,Bryce Moore,"666 Eric Loop Apt. 549, North Sandra, MH 61967",2010-06-18
Christina Fernandez,Mckenzie Arroyo DDS,"66363 Andrea Summit, West Craig, IA 50790",2011-07-02
Jamie Rivera,Leonard Mason,"85502 Daniel Shore, Port Ricardotown, CT 95113",2009-02-03
Jacob Pena,Michael Jackson,"64667 Taylor Street, Brianview, NV 66477",2010-01-02
Jennifer Burgess,Joel Brown,"559 Medina Curve, Lake Janet, MA 13723",2009-09-03
Mark Thomas,Joseph Chavez,"89419 Goodwin Keys Suite 684, East Victoriaview, MS 58489",2010-05-25
Krystal Smith,Paul Torres,"PSC 7244, Box 9651, APO AE 57730",2011-07-01
Charlotte Hudson,Anthony Kent,"3696 Katie Valley, Hollyside, MI 07567",2009-10-05
Stacy Watts,John Lawson,"11045 Dawn Forges Suite 653, New Vincent, AL 90849",2010-10-04
Betty Cox,Kayla Riley,"406 Anderson Burgs, Sarahton, NC 13358",2010-08-22
Linda Finley,Debbie Oliver,"788 Mary Drives Suite 235, Lake Adam, MO 89536",2010-05-10
Thomas Ryan,Sarah Webb,"8085 Diana Parks Suite 303, North Julie, OK 21793",2009-08-13
Shane Garcia,Desiree Floyd,"565 Gallagher Greens, Pennyborough, ND 86552",2010-08-26
Michael Mccormick,John Thompson,"794 Jonathan Crescent Apt. 134, East Matthewtown, WI 05891",2010-05-18
Stephen Santiago,Sharon Lewis,"881 Mccann Canyon Apt. 071, Laurafurt, NC 31874",2010-11-22
Elizabeth Phillips,Wendy Gomez,"748 Johnson Ports, New Lisafurt, HI 47475",2010-02-17
Kathryn Simmons,Steven Arias,"70123 Evans Flat Suite 324, Johnmouth, FL 90724",2011-07-27
James Keller,Christine Hudson,"64898 Morgan Station, Lake Michael, MP 47766",2010-07-24
Andre Lloyd,Kevin Nelson,"9877 Christopher Greens, New Stephanieburgh, AL 72269",2011-09-25
James Hudson,Jacob Diaz,"007 Chad Pass, Nguyenshire, IL 66100",2010-04-14
Stephanie Campos,Kevin Washington,"7490 Roberts Turnpike Apt. 927, Hurleyton, KS 98766",2010-11-01
Eric Nichols,Adam Rivera,"3534 Stephanie Village Suite 315, Port Jackson, IA 39313",2010-07-25
Richard Stafford II,Amber Macias,"5558 Geoffrey Streets Suite 225, Benjaminborough, CA 47069",2010-06-03
Jim Moss,Luke Yang,"912 John Roads Apt. 500, Kevintown, OK 04946",2010-05-23
Kayla Scott,Melissa Webb,"094 Victoria Expressway, Mezaview, RI 56623",2009-05-08
Billy Howard,Marcus Johnson,"501 Cynthia Loop, West Matthew, TX 83973",2011-06-17
Joseph Patel,Ashley Reed,"40923 Ortega Turnpike Suite 826, Sarahborough, LA 19049",2010-04-28
William Chan,Christopher Barrera,"2768 Ashley Meadows, West Dominique, CA 45055",2009-09-11
William Mcdowell,John Moore,"3874 Amanda Shore, West Briannaton, LA 04184",2010-11-15
Benjamin Ramsey,Christine Buchanan,"876 Collins Locks, Amandaport, IN 57677",2011-01-21
Jennifer Maxwell,Douglas Ware,"86969 David Track Suite 268, Hoodtown, SC 58984",2009-11-29
Albert Collins,Richard Lara,"794 Daniel Flat Suite 506, Frankshire, WY 56583",2009-04-26
Evan Brown,Jerry Trujillo,"013 Perez Course, New Zachary, NH 56865",2010-08-16
Martin Peterson,Christopher Boyle,"324 Nancy Loaf, North Tiffany, AK 75496",2010-06-27
Diana Hodge,Stefanie Terrell,"0599 Williams Burg Suite 427, Harryshire, ME 51262",2010-02-15
Emily Jenkins,Laura Grant,"1684 Cruz Key Apt. 425, New Brandon, OR 04264",2011-06-21
Emily Lopez,Jeffrey Wright,"8948 Kevin Circle, Martinmouth, CT 23320",2009-08-24
Gabrielle Beard,Jessica Harris,"3973 Andrea Forges Apt. 057, Erichaven, NM 07244",2009-03-22
Anna Thompson,Roberto Dodson,"178 Julian Orchard Apt. 759, New Emily, AL 28502",2009-04-29
Timothy Kim,Steven Martin,"PSC 2623, Box 8552, APO AP 04638",2009-08-05
Terry Torres,Jennifer Flores,"337 Derek Views, Arnoldchester, IA 28222",2011-01-02
Richard Martinez,Christopher Price,"7073 Hernandez Fords Apt. 700, Tiffanymouth, GA 93745",2010-02-11
Darren Ellis,Leslie Bailey,"13068 Robinson Mall, Lake Autumn, FM 83854",2011-07-04
Debra Gonzalez,Richard Garcia,"63605 Johnson Forges Apt. 043, Katrinamouth, AS 33395",2009-06-04
Katherine Pena,Nicholas Howell,"837 Proctor Street, Lisabury, IN 34541",2011-07-06
Mr. Christopher Bell,Hailey Thomas,"04835 Pittman Trace, West Michael, MS 98618",2009-11-26
Luis Thompson,Justin Duncan,"5639 Gaines Square Suite 661, West Ericshire, AK 76153",2009-02-11
Becky Donaldson,Jesse Warren,"591 Brown Extensions Suite 658, Cynthiaside, GA 69201",2011-07-07
Alicia Watkins,Rebecca Norris,"779 Coleman Course Apt. 750, Port Alexander, NJ 61216",2010-06-13
Marissa Butler,Shane Jones,"723 Hall Creek, New Amanda, PW 28015",2009-06-09
Raymond Nguyen,Martha Whitaker,"301 Adams Streets Suite 049, Port Johnberg, NV 04002",2009-03-12
Drew Combs,Robin Vance,"2815 Anne Extension, Robertberg, MI 54362",2010-10-18
Rachel Smith,Alex Phillips,"7348 Caitlin Drive, West Philip, MI 60235",2010-07-12
John Dean,Hannah Gregory,"9560 Alicia Overpass, South Ashleyburgh, VA 06374",2009-12-23
Christopher Moran,Rachel Greene,"836 Mary Station Apt. 223, East Nicholas, AS 01920",2010-01-11
Kayla Johns,Sheena Price,"1946 Bates Route, Jasonborough, WY 37307",2011-08-06
Kevin Hill,Jessica Cantrell,"8285 Mary Circle, Cindymouth, HI 68565",2010-06-24
Michael Valenzuela,Holly Shannon,"8258 Shannon Mews, North Rhonda, SC 46629",2009-07-28
Tanya Reyes,Nicholas Griffin,"36353 Dennis Drive, Jordanland, WY 85266",2009-12-12
Dana Allen,Sarah Cuevas,"381 Danielle Canyon, Rossside, WA 81621",2009-09-21
Larry Johnson,Michael Gilbert,"8508 Arnold Lodge, Lake Carlfurt, MP 88941",2011-05-16
Amber Martin,Gregory Garcia,"53167 Collins Estates, Adamsbury, NY 36487",2010-10-10
Hannah Fuller,Paul Marsh,"2592 Bender Branch, New Kyleside, AL 62898",2011-04-30
Jacqueline Larson,Joshua Campbell,"71722 Joseph Meadow, Port Sarahchester, PA 55223",2010-04-16
Tiffany Boyer,Robert Wise,"5417 Angelica View, Woodsside, TX 84283",2009-11-09
Curtis Thornton,Kara Fuentes,"Unit 9466 Box 0599, DPO AE 29498",2011-05-17
Elizabeth Johnson,Sara Neal,"PSC 4236, Box 0111, APO AE 31188",2010-09-05
Anthony Thompson,Ebony Lee MD,"162 Reynolds Crest, Jerrymouth, TX 24431",2011-09-03
Janet Jackson,Harry Johnson,"44701 Salas Falls Apt. 310, North Kellichester, MI 64117",2009-03-31
Michael Williams,Alison Jordan,"1151 Foster Crossroad, Port Bianca, MP 59508",2009-05-03
Kenneth Parker,Jeffery Curry,"941 Jason Loop, New Michael, DE 12704",2010-12-09
Carl Patel DDS,Robert Hall,"7751 Kerri Prairie, Guerrerochester, FL 23159",2009-05-01
Angela Green,Emily Holt,"PSC 0729, Box 8452, APO AP 79385",2009-09-06
Angela Ross,Warren Richardson,"0806 Young Village, Gileston, MD 77265",2009-04-20
Steve Henderson,Daniel Adams,"332 Larson Hollow Apt. 176, Bryantfort, LA 96035",2010-05-04
Timothy Richardson,Patricia Lee,"58036 West Mission Apt. 375, New Sara, CO 85359",2010-01-17
David Williams,James Coleman,"USNV Molina, FPO AP 90779",2010-01-13
Kenneth Gonzalez,David Harvey,"7852 Kevin Oval Apt. 140, North Christine, VA 10067",2009-10-26
Samuel Bentley,Debra Bradley,"81304 Wright Fork, New Brian, HI 25536",2009-04-13
Leslie Bender,Margaret Jackson,"9264 Adam Estates, Orrburgh, TN 79649",2010-02-27
Susan Kelley,Kayla Russell,"64743 Guzman Corner, West Davidbury, CT 65593",2009-09-12
Andrew Brock,Peter Rios,"6257 Leonard Hill, South Zachary, PA 90975",2011-04-21
Danielle Gutierrez,Stephen Perry,"2295 King Pike, Pricebury, PA 22050",2009-12-14
Benjamin Taylor,Juan Hodges,"543 Glenn Islands, Robinfort, IA 38893",2009-12-09
Thomas King,Alfred Clark DVM,"1668 Ibarra Crossroad, Catherinemouth, OR 39397",2009-08-22
Jennifer Rosario,Kevin Martin,"6641 Jacobs Fort Suite 564, Brandtchester, CT 42114",2011-02-27
Tanya Taylor,Edwin Blair,"Unit 1652 Box 7793, DPO AE 79460",2009-04-22
Jillian Davis,Helen Levine,"16434 Victoria Center, Vanessaville, OH 59331",2009-11-30
Christine Perez,Keith Arnold,"019 Brandon Stravenue Apt. 598, Braunborough, MO 66527",2011-04-16
Lisa Ryan,Eugene Noble,"9202 Eric Glens Apt. 890, West Arielside, ND 23270",2010-09-20
Eduardo Campbell,Tiffany Evans,"7209 Harris Vista Apt. 379, Ericfort, FL 33935",2010-11-04
Aaron Jones,Kelly Rojas,"722 Lisa Roads, East Jeffery, MN 17331",2011-09-24
Trevor Acosta,Rachel White,"Unit 6250 Box 7419, DPO AA 47522",2011-02-18
Brooke Savage,Jennifer Harrison,"1893 Smith View, North Kevin, IL 05975",2009-08-23
Michelle Day,Barbara Williams,"71510 Deanna Mills Apt. 150, East Danielleland, CO 61245",2011-03-29
Jacqueline Weaver,Laurie Livingston,"61665 Howell Crescent, Lake Jeremy, MA 27680",2010-03-04
Jessica Allen,Joshua Baker,"443 Philip Island, Walkertown, MS 77340",2010-04-26
Shawn Green,Alison Wilkins,"3959 Blake Grove, West Alyssa, VI 26638",2011-07-13
Cody Phillips,Debra Wilson,"9501 Jessica Keys Apt. 974, Brownfurt, SC 84664",2011-02-04
Andrew Diaz,Karen Whitaker,"888 Brian Hills Suite 749, Bonnieside, DE 94128",2009-04-23
Angela Lewis,Lisa Bennett,"62815 Patrick Valleys Suite 576, New Robertchester, MP 43199",2011-06-13
Melanie Chang,Danielle Johnson,"303 Laurie Summit Suite 559, Youngfort, VA 47686",2010-03-19
Lucas Harrison,Abigail Strickland,"53777 Allison Underpass, Valeriechester, KY 55459",2010-12-31
Robert Baker,Hunter Johnson,"540 Mason Cove, Jimburgh, AR 75556",2010-04-01
Michael Mooney,Ryan Howard,"011 Edwin Motorway Suite 140, Kevinton, AK 07229",2010-12-26
Mr. Benjamin Dominguez,Cory Dudley,"677 Zoe Extension, Gilbertfurt, ME 88566",2011-05-30
Willie Holland,Brent Nelson,"8947 Keith Gateway Apt. 574, New Pamela, MI 46786",2010-04-02
William Harris,Beth Campbell,"USS Jones, FPO AP 94231",2011-07-17
Jason Buck,Henry Kelly,"69800 Blankenship Walks Apt. 334, Leslieport, LA 32788",2009-05-19
Elizabeth French,Jeremy Hendricks,"734 Cruz Crossroad, East Mark, WA 89140",2010-04-07
Ashley Jones,Gregory Ray,"4500 Mccormick Landing, Brownburgh, MS 50119",2010-05-13
Robert Crawford,Sharon Thompson,"513 Mckenzie Ford, North Ericaview, FM 56328",2011-04-29
Renee Rodriguez,Regina Jones,"6865 Whitney Locks Suite 359, North Mackenzie, GU 82676",2010-07-08
Catherine Floyd,Brian Bruce,"3769 Dudley Islands Apt. 948, Moranside, ME 60148",2010-09-29
Travis Richards,Daniel Morgan,"143 April Square Suite 914, New Courtney, VI 41727",2010-06-16
Jose Brown,Sheri Moore,"PSC 3911, Box 8908, APO AP 87566",2010-02-22
Gina Leblanc,Steve Sosa,"4706 Parsons Mill Apt. 180, Lake Hollyfort, PA 74350",2010-07-15
Kelsey Lucas MD,Sandy Guerrero,"7504 Marco Plaza Suite 694, New Matthew, NM 01320",2011-08-01
Jimmy Anderson,Robert Sherman,"Unit 2768 Box 7566, DPO AA 50262",2011-03-27
Katie Carrillo,Collin Jimenez,"99220 Jeffrey Drive, Parksville, MA 61811",2009-11-25
Lisa Luna,Alexandra Warner,"59022 Brown Spurs, Port Ashley, NV 31744",2010-03-17
Jacqueline Wells,Heather Miller,"USNS Jackson, FPO AE 61101",2010-11-27
Molly Hamilton,Megan Moreno DDS,"54746 Megan Keys, Stokesbury, KY 79692",2009-06-07
Michelle Simmons,Susan Clark,"41206 Kyle Lock, Payneville, KY 44331",2009-11-15
Tammie Robertson,Elizabeth Watkins,"933 Leslie Brooks, Kurtmouth, IA 20703",2011-03-04
Heather Brewer,Philip Rivas,"8030 Crawford Grove Apt. 840, West Dustinport, VA 19925",2011-06-24
Jennifer Valencia,Michael Garcia,"626 Walter Hills, Johnchester, MI 36715",2009-06-30
Joseph Chavez,Kaitlyn Hamilton,"449 Sanchez Extension, Williamsshire, MD 23699",2011-02-24
Debra Johnson,Crystal Shelton,"370 Garrett Hill Apt. 180, North Dennis, KY 70835",2009-07-14
Lisa Vaughn,Rose Johnson,"24799 Jasmine Plains Apt. 501, South Patriciachester, TX 58248",2010-07-22
Sarah Brown,Sharon Bartlett,"280 Jessica Inlet Suite 405, Dominicmouth, NM 60825",2010-03-03
Jacob Smith,Rebecca Stone,"05510 Morales Squares Suite 074, Patrickfort, MI 02873",2011-03-14
John Jones,Rachel Baker,"Unit 3979 Box 6502, DPO AA 75068",2010-12-22
Charles Jones,Sandra Miller,"4678 Ali Mission, Jamesmouth, FM 07748",2009-07-01
Tara Mathews,John Obrien,"697 Simmons Locks Apt. 849, North Brianhaven, SC 70672",2010-04-13
Justin Vincent,Karen Navarro,"2963 Davis Lake, Craneburgh, CA 42702",2011-06-06
Alec Johnson,Charles Miller,"443 Karen Summit, West Lori, NE 89430",2010-12-18
Tina Mendez,Brandon Wright,"600 Gutierrez Garden Apt. 832, Popeburgh, AZ 29944",2011-05-20
Robert King,Teresa Hooper,"501 Moore Mills Suite 047, Cainstad, MH 35712",2009-06-03
Madeline Carroll,Valerie Fox,"833 Harrington Orchard Apt. 850, New Linda, GA 01555",2009-01-01
Hannah Lutz,Megan Wells,"05817 Ramirez Harbor, West Alexisfort, ND 82742",2010-09-24
Heather Miller,Lindsey Butler,"25470 Young Lodge Apt. 792, South Steven, MS 06391",2011-03-21
Brett Park,Tammie Ward,"570 Reynolds Mountain, West Randy, CO 01960",2011-05-04
Crystal Miller,Robert Klein,"34531 Nicholas Streets Apt. 002, North Nicole, DC 10379",2009-04-04
Timothy Lawson,Eric Burke,"Unit 4351 Box 0880, DPO AE 21965",2010-11-10
William Hughes,Luis Villa,"92435 Byrd Way Suite 218, West Stephenfort, ND 80673",2009-04-18
Kristen Vazquez,Elizabeth Thomas,"856 Reed Harbors, Philliptown, MT 53968",2011-09-06
Tiffany Smith,Andrew Brandt,"9299 Turner Burg Suite 920, Tammymouth, MN 39797",2010-07-30
Adrian Moore,Lindsey Adams,"051 Jonathan Island Suite 850, Greenport, KS 31905",2009-08-18
Joseph Jimenez,Victoria Hall,"38334 Thompson Causeway Suite 587, Maddoxside, AR 69596",2010-01-01
Robert Rogers,Michael Forbes,"350 Young Fort, Kennethmouth, FL 81734",2010-02-14
Anthony Griffith,Jessica Lucas,"83081 Hernandez Shore, Jeffreyfort, ND 40722",2009-07-13
Brenda Cortez,Anthony Kim,"5094 Lori Brook, Courtneyland, NE 17571",2010-07-02
Joseph Mcmillan,Dylan Boone,"3154 Darrell Course Apt. 612, Kellystad, SC 97554",2010-06-10
Glenda Pearson,Katherine Alexander,"86733 Andre Cliffs, Coryhaven, VA 97169",2011-04-22
Nichole Leach,Timothy Brock,"12728 Bell Rest, South Matthewburgh, NM 92817",2009-06-11
Richard Barr,April Franco,"9695 Kayla Dam Suite 719, West Mary, AZ 94323",2010-08-14
Erik Acevedo,Dylan Dixon,"209 Jacqueline Skyway Suite 489, Elliottview, MP 26988",2009-10-17
Paul Quinn Jr.,Crystal Brown,"485 Ellis Ports Apt. 307, Brooksview, DC 87923",2011-01-25
Darrell Richards,Justin Day,"365 Adam Forest, Derekfort, KS 87082",2010-03-13
Michael Smith,Duane Brock,"80656 Eugene Isle, Chandlerfort, NV 55602",2010-06-05
Benjamin Harris,Dorothy Lloyd,"98971 Janet Mills, West Andrewmouth, TN 42150",2010-11-09
Chad Pearson,Melissa Stone,"3615 Nunez Islands Apt. 378, West Erinside, PW 74925",2011-06-20
Adam Nelson,Carolyn Hart,"490 Ray Course, Coreyville, WY 72070",2009-07-04
Jennifer Cochran,Linda King,"9474 Lisa Walk Suite 548, East Dawnbury, AK 24454",2010-08-10
Anthony Jones,Robert Charles,"USS Walker, FPO AA 50577",2009-07-10
Lonnie Allen,Angela Jenkins,"PSC 1546, Box 9208, APO AP 81784",2011-06-10
Anthony Stewart,Tracy Mclaughlin,"6165 Terry Land Apt. 746, Lewisberg, AZ 06964",2011-01-19
Brenda Hines,Jennifer Zavala,"09672 Jennifer Canyon, Loriview, MA 64798",2011-09-09
Jordan Garcia,Renee Mccarty,"24146 Contreras Village Suite 144, Lake Wendy, FL 75854",2009-11-06
Michael Anderson,Peter Hendricks,"36532 Michael Streets, Francoberg, WV 61151",2009-08-27
Maria Gross,Samantha Boyer,"335 Sherry Spur Apt. 097, Jeremyview, TN 10213",2009-10-15
Lori Huerta,Brandon Murray,"0598 Ballard Isle Apt. 508, West Aarontown, IN 53052",2011-02-01
Karen Trevino PhD,Ana Atkinson,"351 Walter Hollow Apt. 464, North Danielburgh, HI 85715",2009-02-18
Jenna Flores,Patrick Anderson,"81222 Kaitlyn Bypass, West Suzanne, AR 31731",2009-02-05
Jeffrey Wagner,Anthony Anderson,"493 Hunter Villages Suite 971, New Williamtown, AR 98493",2011-07-14
Nicole West,Ann Christian,"71762 Robertson Village, Kimburgh, OR 65182",2010-11-08
Teresa Johnson,Gary Vargas,"438 Mills Trace, Williamsstad, IA 95066",2011-03-17
Matthew Powers,Vanessa Morrow,"91788 David Island Apt. 226, East Robinbury, DC 55808",2009-05-26
Desiree Wolfe,Maurice Jenkins,"28136 Torres Prairie Apt. 830, Lake Rebecca, TX 08794",2011-05-13
Joel Cardenas,Tony Foster,"79359 Joseph Key Apt. 663, Pattersonborough, WA 96555",2009-11-22
Ian Parker,Joseph Castillo,"Unit 2764 Box 5150, DPO AE 64285",2011-04-20
Suzanne Williams,Laurie Mitchell,"0402 Madden Forges Apt. 701, Lake Ana, DE 16349",2009-07-21
Samantha Mckinney,Kevin Johnson,"61321 Christopher Tunnel Suite 310, Williamsmouth, MI 22099",2009-01-30
Daniel Sanchez,Carrie Davis,"USS Campbell, FPO AP 78823",2009-06-06
Carl Davis,Alyssa Thompson,"01102 Jessica Streets, Beardburgh, CT 43373",2010-12-30
Matthew Kim,Luke Thomas,"2879 Williams Station Apt. 879, South James, ND 54352",2009-07-15
Cynthia Ball,Amanda Garcia,"31655 Edwin Valley, Port Tracy, TN 39034",2011-05-28
Nicole Torres,Leah Franklin,"2548 John Key, Jarvisborough, FL 00902",2011-04-04
Samantha Rodriguez,Diane Diaz,"36473 Lori Road, Christinaberg, IA 52374",2011-04-28
Anthony Adams,Destiny Rowe,"12768 Zachary Plain Apt. 097, Stephenport, SD 54294",2010-02-19
Jacqueline Brown,Scott Peterson,"715 Bryant Manors, North Robin, HI 17758",2009-06-24
Lisa Simon,William Moreno,"389 Holder Landing Apt. 282, Nicholsonshire, HI 94286",2009-03-04
Jordan Fisher,Richard Rodriguez,"798 Barnes Extension Apt. 173, New Danielle, DE 00675",2009-12-27
Sabrina Webster,Rachel Bailey,"PSC 2458, Box 6120, APO AE 26328",2010-03-12
Clifford Clark,Jessica Torres,"9244 Ray Square Apt. 805, Stephaniemouth, NJ 20789",2010-09-14
Mary Simmons,Dorothy Holmes,"11896 James Run, West Joshua, OH 33614",2009-04-11
Monique Wilson,Amy Glover,"213 Clark Estate, West Steven, WA 34501",2010-05-19
Kevin Townsend,Cassidy Day,"365 Shaffer Mountains, Petersburgh, NC 69825",2011-09-05
James Sherman,Ruben Mills,"3486 Perez Harbors Suite 107, West Heidiburgh, VA 26713",2010-06-08
Katelyn Jones,Mr. Jason Bowers PhD,"6481 Austin Corner, Gonzalezberg, FL 10584",2010-02-16
Christina Jones,Tracy Aguilar,"36085 Joshua Station, North Cassiebury, MA 67206",2010-09-08
Michelle Ayala,Rachel Conley,"3903 Smith Canyon Suite 321, East Makayla, ID 45167",2011-05-06
Matthew Wells,Taylor Martinez,"596 Dunn Shores, West Kelsey, AK 04006",2009-02-07
Scott Davis,Dana Thompson,"2403 Wanda Heights, New Alexview, MH 39752",2009-08-12
Mary Hernandez,Cody Clay III,"27952 Mackenzie Dam, Cooperfurt, WY 95194",2010-04-08
Mark James,Collin Jones,"676 Berry Corners Suite 206, South Sean, MN 98109",2011-05-29
Aaron Cole,Jason Flores,"1925 Montgomery Branch, Gloriastad, SD 02509",2010-10-12
Stacey Lee,April Coleman,"94352 Williams Ferry, Smithfurt, WY 75145",2010-06-23
Kristen Gibson,Lindsey Davis PhD,"0475 Alexander Roads Apt. 501, Lake Michael, AR 12571",2011-02-17
Hunter Stone,Megan Villanueva,"Unit 1859 Box 0448, DPO AP 68213",2009-07-18
Ryan Robles,Sharon Carpenter,"PSC 1404, Box 6341, APO AE 83088",2011-07-10
Anthony Evans,Shawna Carr,"390 Hayes Meadows, East Samuel, AS 86856",2010-11-21
Brian Collins,Brooke Lin,"5637 Wendy Mountains, South Dennisfort, WV 82424",2009-11-13
Carla Moore,Samantha Johnson,"3121 Joyce Squares, Nielsenfort, MT 50307",2009-08-28
Michael Fisher,Michael Benson,"3430 Hernandez Keys, Lake Richard, FL 90579",2009-03-26
Rachel Underwood,Melissa Rodriguez,"6105 Vance Island Suite 696, Port Emily, VA 68202",2009-03-07
Leonard Hickman,Jennifer Fowler,"9155 Heather Courts Apt. 375, Maryfurt, GA 52917",2009-09-15
Gene Cook,Donald Garcia,"PSC 9468, Box 6469, APO AP 99247",2010-09-02
Stacey Bowen,Kevin Williams,"PSC 2590, Box 7139, APO AE 27635",2011-01-05
Phillip Miller,Zachary Berg,"021 Perkins Extensions, Herrerashire, RI 15471",2011-03-10
Andrea Jackson,Corey Terry,"019 Lori Crossing, Port Nancy, NY 76696",2010-04-12
Linda Carroll,Patricia Ross,"19463 Bryan Dale Suite 642, Ramirezport, WA 94577",2010-11-06
Kendra Chapman,Timothy Garcia,"392 Joshua Lakes, Thompsonfurt, MT 87807",2010-03-15
John Lynch,Elizabeth Morales,"6935 William Extensions Suite 816, Millerville, ME 21856",2009-01-07
Jack Kim,Dana Brennan,"958 Moore Branch, South Angela, NY 51011",2011-08-12
Carolyn Griffin,Christopher Ross DDS,"3686 Freeman Locks, East Nicole, SD 25471",2011-09-26
Tracy Chang,Cameron Pope,"PSC 8436, Box 1612, APO AP 15036",2011-09-27
Andrea Travis,Angelica Perkins,"4909 Mcintyre Shoals Apt. 430, East Davidbury, OH 11312",2009-06-12
Terrance Griffin,Alicia Phelps,"PSC 3396, Box 8716, APO AA 15428",2009-02-04
Willie Miller,Ms. Mary Anderson,"036 Patterson Burgs, East Ronald, OR 34837",2011-07-18
William Guzman,Ashley Watson,"1590 Joshua Port, South Christine, AZ 62008",2010-09-23
Cheryl Miller,Joe Mercer,"69771 Melinda Pine Apt. 023, Hannaberg, NC 22119",2011-03-16
Erica Torres MD,Olivia Patterson,"42146 Taylor Oval, Frazierhaven, MP 14600",2011-02-16
Julie Henderson,Howard Lewis,"069 Nelson Route, Joelburgh, AL 64253",2011-01-03
John Rogers DDS,Nicole Walters,"6684 Monica Neck, Walterstad, PW 41154",2010-12-06
Lauren Flores,Bobby Martin,"896 Watkins Plaza, South Richardtown, VA 53571",2011-08-18
Kimberly Castaneda,Alexis Williams,"638 Anna Station Apt. 268, East Lauraport, WI 59433",2011-06-12
Shawn Estes,Jaime Burnett,"50884 Reynolds Springs, Davidfort, CT 34729",2010-07-03
Harry Bryant,Patrick Camacho,"PSC 7406, Box 9634, APO AA 45946",2010-02-13
Scott Frank,Susan Holloway,"6757 Renee Gateway Suite 043, North Erinland, MI 07434",2011-07-24
Matthew Stuart,Joshua Warren,"80630 Dixon Heights Apt. 001, East Michaelbury, RI 86900",2011-09-18
Matthew Barker,Timothy Walters,"946 Powell Stravenue Suite 859, Hodgeston, TX 35808",2011-06-28
Jamie Byrd,Thomas Johnson,"7564 Karen Fields, Lake Hannahfort, SD 54447",2011-01-30
Virginia Jenkins,Kelly Keith,"65907 Harris Mountains, North Ariel, AK 42800",2009-06-10
William Williams,Christine Gilbert,"77561 Ward Mill, Matthewview, AK 50405",2009-05-25
Michael Williams,Jeffrey King,"88207 Ronald Ports, Haysport, PA 60757",2011-07-23
Heather Steele,Deborah Herring,"123 Turner Lock Suite 978, Sheilaville, VI 05010",2011-08-31
Toni Quinn,Erin Heath,"1277 Kenneth Greens Suite 282, Wangville, KY 07462",2009-08-01
Crystal Beck,Deborah Nguyen,"9837 Lopez Burgs, North Alexisfort, MH 60055",2010-02-02
Heather Mcintyre,Heather Stewart,"87796 Rubio Way Suite 081, Meyerport, TX 33390",2010-10-11
Derrick Beltran,Lisa Coleman,"335 Theresa Crescent, Hernandezmouth, HI 79420",2010-08-02
Amy Holland,Lisa Garcia,"344 Webster Viaduct, Port Devinmouth, ND 54547",2009-09-23
Stephanie Morris,Christy Brooks,"59313 Paul Park Suite 695, Johnsonhaven, MA 68893",2009-04-27
Eric Rivera,Arthur Grimes,"336 Denise Brook Suite 372, Tonyburgh, CA 02065",2010-12-02
Emily Arnold,Miss Chelsea Perkins,"84246 Natalie Mountain, Weberland, WA 49236",2009-01-15
Monique Lawson,Ryan Strong,"732 Mcgee Rapids, Port Aaronton, MH 52798",2010-09-18
Lauren Evans,Ashley Lynch,"26528 Harris Fork, East Michael, MS 45080",2010-02-23
Anne Williams,Sarah Richards,"243 Gilmore Roads Suite 473, Lake Joanland, NH 24964",2009-07-19
Luke Knight,Anne Glass,"5846 Macdonald Park, East Charles, MN 87416",2011-02-15
James Chapman,Joshua Hill,"5632 Ashley Shoals, West Drew, MP 37588",2011-01-22
Beverly Maxwell,Kayla Chapman,"26801 Chang Throughway Suite 781, East Joseph, MT 91652",2011-09-20
Mary Thomas,Elaine Johnson,"88551 Julie Forest Suite 005, Lake Toddside, MN 25055",2010-04-25
Tina Walker,Tracy Holland,"09887 Michael Ridge, Kingmouth, TX 49318",2009-10-10
Patrick Moreno,Alyssa Knox,"360 Amy Plaza Apt. 443, West Samantha, MS 19756",2010-12-13
Gary Lamb,Brian Watson,"063 Fleming Garden, Port Tonyfurt, NV 27329",2011-07-08
Kenneth Haley,Scott Lambert,"72162 Smith Course Suite 475, New Carrieland, VT 39287",2009-02-13
Charles Palmer,Daniel Kelley,"USNV Edwards, FPO AA 37947",2011-06-29
Kimberly Grant,Kimberly Novak,"USS Thompson, FPO AE 39287",2009-01-16
Adam Martinez,Katherine Nash,"9005 Donald Ports Apt. 559, New Jennaport, IN 95731",2010-09-22
Nichole Dean,Cindy Smith,"343 Peterson Pass Apt. 698, East Kimberly, KS 54077",2009-05-27
Courtney Coleman,Brandon Ramirez,"940 Jill Keys Apt. 593, Sanchezbury, IA 94369",2011-04-24
Isaiah Willis,Joe Fields,"910 Brittany Ways Apt. 860, South Bryanport, PA 58075",2009-08-08
Kelli Sexton,Gwendolyn Jackson,"9119 Brenda Stravenue Suite 727, New Jennifermouth, ME 01174",2009-04-03
Annette Cervantes,Jenna Ray,"1155 Christian Spurs Apt. 053, Brittanyport, CT 42654",2009-11-18
Dorothy Strickland,Robert Brown,"59416 Castillo Trafficway, Mirandafort, LA 78104",2009-08-10
Justin Harris,Erica Perez,"6731 Becker Square, Frankbury, VA 78520",2010-10-07
Patricia Lewis,David Poole,"4734 Tracy Mission Suite 620, Brightton, FL 40110",2010-09-06
Kathleen Howard,Jay Campbell,"328 Hicks Curve Suite 287, Port Richardland, CT 14051",2011-07-12
Julie Moore,Robert Adams,"3208 Larson Extension Apt. 241, Stewartside, NH 22036",2009-05-18
Randy Thompson,Michelle Farley,"9438 Angela Cape Suite 989, Lake Aprilbury, MI 20493",2009-12-24
Loretta Reed,Jordan Fox,"13010 Crystal Dam, Lake Carolyn, NM 36873",2010-11-03
Adrian Tyler,Julie Cooke,"792 Kimberly Forks Apt. 466, Haleybury, TN 48437",2011-09-17
Mrs. Kathleen Webster,Melissa Hess,"47639 Ethan Branch, West Melanieview, CO 02036",2011-09-02
Lisa Cline,Jessica Jordan,"59489 Christopher Greens, Freemanside, NC 37625",2009-04-15
Amber Wu,Sara Martin,"7210 Lewis Port, New Coreychester, NC 47164",2011-01-07
George Hudson,Christopher Galloway,"18899 Christopher Spur Suite 795, New Jennifer, WI 56437",2010-11-24
Theresa Walker,Casey Richmond,"USCGC Vazquez, FPO AE 28049",2010-12-27
Victoria Saunders,Rachel Combs,"8547 Smith Mount Suite 141, West Nathan, OK 09013",2011-01-16
Christine Bennett,Michael Thompson,"659 Mark Forest, Kathrynfort, NV 87591",2010-08-12
Jennifer Barnes,Robert Briggs,"96969 Brady Squares Suite 649, South Alanborough, NV 80242",2010-10-01
Spencer Love,Mary Harrison,"9236 Ashley Curve, Patriciaborough, ID 89228",2010-01-25
Paul Singh,Christopher Long,"03619 Linda Port, Saraborough, PA 76338",2011-03-18
Jennifer Roberts,Karen Guerra,"4964 Adam Freeway, Lake Shannonchester, WV 47286",2011-01-09
Kevin Hodges,Jennifer Dickson,"4705 Simpson Gardens, Ericside, PW 00966",2010-02-01
Matthew Edwards,Jason White,"219 Fields Track, Jacobsport, IL 66319",2010-05-07
Martin Burgess,Jeremiah Jackson,"274 Griffith Square Suite 116, New Elizabethview, SD 78326",2009-10-30
Daniel Sullivan,Jessica Terry,"64046 Thompson Cliffs, New Denise, MO 56090",2011-02-08
Jennifer Ross,Ronald Norman,"096 Walker Forge, Crystalview, NJ 23444",2010-12-10
Angela Banks,Anthony Lopez,"88419 Ashley Estate, Erinstad, WA 27184",2010-10-19
Tyler May,Eric Johnson,"USNS Guzman, FPO AA 93994",2011-01-24
Andrew Armstrong,Adrian Jackson,"494 Green Springs, Lake David, DC 47438",2011-07-26
Marilyn Parsons,Charles Bush,"PSC 9012, Box 3731, APO AE 83743",2011-05-14
Peter Johnson,Gina Armstrong,"927 Hanson Rue, Lake Courtneyberg, MO 17606",2011-09-04
Scott Davis,Teresa Sanders,"356 Page Junction Apt. 058, North Marthatown, HI 24575",2009-08-06
Kathleen Hunter,David Sanders,"5261 Thomas Orchard, Ronniebury, NH 41416",2009-11-20
Jason Martinez,Jerry Porter,"470 Brooks Bypass Suite 082, Jameschester, NH 28256",2011-05-05
Edgar Smith,Susan Richards,"018 Stefanie Skyway, West Marissabury, IL 82635",2009-10-09
Samantha Parks,Ricky Cole,"USS Pratt, FPO AA 79472",2011-02-14
Ms. Abigail Grimes,Kelly Wilkerson,"98050 Edwards Junction, Lake Brooke, VA 45004",2010-01-23
Steven Green,Jennifer Manning,"0432 Massey Corner Suite 756, West Philip, OR 17473",2009-11-27
James Jones,Julie Jenkins,"1298 Katherine Mills, Lake Elizabeth, VA 39062",2009-06-19
John Lewis,Angela Johnson,"6955 Mayer Corner, West Karenchester, NC 42939",2011-09-14
William Coleman,Teresa Adams,"74304 Jones Drive Suite 800, Houstontown, RI 68415",2010-04-15
Cynthia Madden,Kevin Benjamin,"581 Mendez Lock Suite 616, Kimmouth, IN 58097",2010-10-05
Barbara Brown,Austin White,"USNV Martinez, FPO AA 33811",2010-03-11
Jennifer Dorsey,Sarah Dunlap,"589 Paul Ranch, Jessicaport, CO 54127",2009-03-28
Luis James,Benjamin Santiago,"41899 Daniel Trace, New Alexton, VT 35350",2010-02-08
Angela Evans,Carla Young,"48256 Hopkins Passage Apt. 273, Coreymouth, HI 33580",2009-11-12
Jennifer Kidd,David King,"659 Breanna Mount Apt. 299, Harrisfort, VT 94394",2010-09-28
Rodney Watson,Jesse Lowe,"9990 Parker Camp, Ramosside, IL 61696",2011-01-15
Andrew Walker,John Alexander,"236 Timothy Curve, Samuelchester, TN 65255",2009-08-30
Linda Brown,Anna Wallace,"53027 Burns Common, Port Dillon, NY 63961",2010-07-10
Lisa Wilson,Jessica Bradley,"3205 Spencer Extension Suite 561, East Josephtown, OK 52491",2010-04-22
Rebecca Gardner,Amanda Fitzpatrick,"4437 Chan Mountain, East Tracey, UT 28802",2009-12-15
Nichole Kemp,Brittany Brown,"02178 Davis Course, Erinton, UT 01858",2011-09-16
Tamara Jones,Ronald Cannon,"02684 Sherman Loop Apt. 002, Savannahberg, VA 94794",2010-07-16
Lindsay Watts,Christy Bradley,"8672 Emily Junction, Melaniechester, ME 81302",2011-04-25
Janice Murphy,Laura Jones,"323 Livingston Prairie, West Jonathan, KS 79809",2011-01-12
Cynthia Whitney,Amber Ramos,"944 Garcia Parkway Suite 364, West Stephanie, MS 97398",2009-08-02
Taylor Keller,Melissa Howard,"297 Sandra Island Suite 273, Lake Christina, FL 56438",2010-02-04
Sergio Jennings,David Clark,"29265 Murphy Walk, North Latoyabury, MP 04037",2010-08-07
Heather Brown,Paul Johnson,"029 King Dale Suite 431, Kevinfurt, WY 42074",2009-03-03
Julie Sanchez,Jeffrey Wells,"16645 Thomas Landing, Lake Geraldland, GU 45953",2009-12-21
Nicole Bailey,Joshua Rodriguez,"USS Reed, FPO AE 56672",2010-09-15
Christopher Hodge,Brittney Reynolds,"2120 Nelson Estate Apt. 622, Farrellland, CT 38952",2010-05-30
Nathan Hale,Matthew Campbell,"7720 Cox Avenue Apt. 443, North Shawnmouth, RI 09648",2010-01-07
Angela Ross,Chad Morrison,"2510 Kimberly Path, Teresaberg, NV 70080",2011-06-03
Jason Jimenez,Kevin Watson,"770 Baldwin Shores, Maryview, NY 74382",2010-05-31
Susan Lopez,Mrs. Cynthia Herrera,"4408 Stephen Flats Suite 537, Blackhaven, GA 43156",2010-01-28
Michael Shaw,David Hall,"010 Vanessa Fords Apt. 784, South Christopher, NH 89056",2009-02-17
Alicia Smith,Jacob White,"0576 Timothy Centers Suite 399, Heathershire, FM 71892",2009-09-26
Angela Hill,Sheryl Cox,"7243 Campbell Courts, Lake Amberville, OR 96094",2011-01-23
Jamie Hall,Mary Osborn,"926 Raymond Brooks, West Shane, MS 63013",2011-05-11
Brian Houston,Julie Pollard,"726 Eric Ridge, Billyshire, KY 02573",2010-05-03
Elizabeth White,Amy Burns,"69750 Larry Loop Apt. 664, Hannahside, SC 24899",2011-09-01
Norma Blackwell,Carolyn Bryant,"18862 Bryant Turnpike, Marshside, ME 25329",2009-08-03
Briana Mcclain,Amanda Coleman,"6115 Lori Underpass, Teresamouth, NE 06111",2010-07-07
Victoria Ferguson,Lauren Massey,"3069 Sarah Loaf, Jessicaport, AZ 18191",2010-12-29
Cynthia Lowery,Justin Morris,"6023 William Place, Allenfort, CT 28849",2009-09-25
Annette Blevins,Dorothy Wilson,"034 Shields Drives Apt. 703, East Rebecca, OK 30816",2011-04-19
Laura Torres,Sheri Reid,"1852 Williams Courts Suite 282, Port Gary, MT 91789",2009-03-18
Patrick Cannon,Allison Campbell,"07223 Riley Pine Apt. 737, Bakershire, AK 39566",2009-01-13
Keith Rodgers,Anthony Nguyen,"966 Gonzalez Rapid, West Debra, WV 21095",2011-05-25
Tracy Price,Peter Parrish,"349 Collins Crest, Joshuaton, NJ 64683",2009-05-09
Stephen Hernandez,Jay Wise,"2574 King Rapids, South Nicole, OH 55717",2009-05-10
Nina Kerr,Karen Carter,"94572 James Rest Apt. 618, West Jose, DC 90713",2010-02-21
Jessica Baxter,Glenn Parsons,"328 Rivera Cape Apt. 592, Port Robertside, PW 21628",2009-10-28
Crystal Harris,Brenda Arnold,"510 Wilcox Rapid, Jeffreymouth, LA 06326",2009-01-31
Catherine Clayton,Victor Hutchinson,"23186 Williams Island Suite 579, Port Lesliechester, CA 48633",2010-12-17
Sarah Evans,Nathaniel Castaneda,"1322 Russell Pine Suite 866, Adamsberg, ID 47210",2011-07-05
Jacob Lopez,Tony Richardson Jr.,"567 Jesus Fords Apt. 611, Port Lynnside, FL 10355",2010-05-17
Gabriela Singh,Holly Lopez,"6159 Chelsea Causeway, South Kellitown, SC 46939",2009-08-19
Darin Simmons,Keith Jones,"357 Hodge Manors, Yuchester, MH 95001",2011-03-09
Christopher Young,Jacqueline Benson,"280 Jonathan Junction, West Amyshire, VT 87132",2010-07-21
Lynn Reyes,Jacqueline Sampson,"8756 Murphy Park, West Jacobview, DE 06862",2009-01-28
Regina Gillespie,Alicia Crawford,"8517 Rodriguez Harbor, East Danielle, LA 02658",2011-05-22
David Thomas,Joshua Richards,"612 Jenkins Greens, Elizabethbury, LA 98291",2010-11-28
Renee Hill,Robert Gibson,"2205 Laura Lakes Suite 166, Stewartshire, AS 55130",2010-06-11
Jennifer Edwards,Joyce Brooks,"PSC 5569, Box 4266, APO AE 53556",2010-09-27
Cindy Lopez,Isaac Benitez,"PSC 7566, Box 2163, APO AE 56349",2010-12-08
Brian Willis,Nicole Wallace,"9859 Kim Fall Suite 684, East Julianside, WV 69129",2011-04-02
Russell Wright,Allison Brown,"USNV Melendez, FPO AE 68781",2011-08-24
Nathan Harding,Jason Coleman,"270 Blake Ridges, Robertbury, AZ 56580",2009-06-26
Larry Gilbert,Kyle Walker,"9338 James Dale Suite 270, North Cindy, WI 52824",2011-09-12
Lisa Cross,Carol Davis,"228 Beltran Motorway Suite 968, West Wesleychester, LA 07894",2009-01-19
Maureen Ellis,David Williams,"64918 Andrew Corners, South Alfredtown, PW 73552",2009-12-07
Wendy Jenkins,Jonathan Bray,"PSC 7803, Box 9371, APO AA 42788",2009-06-18
Jennifer Mckay,Ricardo Peters,"20328 Meghan Plains, Lake Paulamouth, IN 28553",2011-01-06
Tyler Patel DDS,Ryan Harris,"31380 Thomas Loop, Henryhaven, OR 78565",2010-01-19
Aaron Bowers,Michael Graham,"437 Lucas Ways Apt. 329, Jameston, CA 60210",2010-01-24
Craig Smith,Arthur Sanchez,"23411 Mary Gardens, Conwayburgh, FL 65283",2010-07-29
Samuel Barrett,Richard Hunter,"859 Perez Coves Apt. 489, Ryantown, IN 87319",2009-05-22
Jennifer Galloway,Katie Lawson,"617 Wendy Brooks Suite 076, Francisfurt, VA 88556",2009-09-05
Raymond Weber,Danielle Patterson,"894 Jason Mills, South Christina, NH 54321",2011-05-21
William Martin,Greg Gray,"0189 Warner Locks Apt. 556, Matthewfurt, MH 42752",2009-05-21
Dustin Robinson,Jason Murphy,"15799 Tony Gateway Apt. 267, Amyfort, SC 82642",2011-06-23
Molly Rose,Heather Smith,"520 Allison Hill, West Robinton, PA 21541",2011-08-10
Christopher Castillo,Jonathan Nelson,"06523 Diana Throughway, New Karen, VI 32408",2009-08-15
Lisa Evans,Robert Garza,"84114 Russell Stravenue, West Johnmouth, MP 20686",2010-04-18
Gary Wolf,Stacy Morris,"0224 Rachel Dam Suite 474, Williamstad, SC 01926",2009-08-16
Evan Mcclain Jr.,Connie Taylor,"48621 Jeremy Wells, Joshuaburgh, WV 87666",2010-06-28
Michael Small,Donald Day,"63984 Pham Village, New Lisaborough, LA 25428",2011-08-16
John Washington,Briana Ortiz,"225 Nancy Dam, Burkeview, AK 03058",2011-04-27
Kevin Hammond,Gilbert Estrada,"44536 Thompson Mountains Apt. 861, Walkerport, AL 54093",2010-10-27
Ruben Morris,Leonard Richardson,"97916 Anthony Crescent, Jasonchester, NJ 32765",2011-02-06
Jason Jenkins,Jennifer Coleman,"41671 Zuniga Club, Jacksonfort, IL 66930",2010-11-07
Leslie Barron,Greg Gibson,"56747 Kathleen Coves Suite 399, South Steven, NV 88100",2011-01-11
Kristina Johnson,Erin Rivera,"09785 Jackson Junctions, Turnerview, MH 73270",2010-04-30
Todd Phillips,Regina Lee,"772 Cheryl Terrace Apt. 987, South Joseph, LA 65272",2010-09-30
Jacqueline Yates,Angel Richardson,"719 Russell Union, Martintown, FM 49671",2009-07-17
Deborah Walker,Tina Reed,"703 Christine Mountains, Anthonyburgh, SD 99061",2010-12-05
Jeanette Phillips,Alan Grant,"62326 Barry Mount Apt. 980, Stephensmouth, OR 32974",2010-12-15
Rose Gonzales,Tracy Simpson DVM,"528 Benjamin Junction Suite 145, Lake Garyfurt, SD 42669",2010-05-15
Mariah Mccall,Brooke Velez,"62752 Luna Keys Suite 817, Randallmouth, VA 41232",2011-07-20
Ashley Hunt,Samuel Hale,"485 Mccarthy Terrace Suite 263, Connieborough, MA 10127",2010-02-12
Tracy Perez,Leah Dominguez,"49443 James Burg Apt. 318, Maddoxland, SC 95374",2009-08-20
Crystal Hayes,Tiffany Johnson,"449 Miller Spring, South Patricia, MD 93375",2011-05-01
Cole Thompson,Kelsey Torres DVM,"USS Ortiz, FPO AA 82580",2010-07-14
Annette Smith,Todd Knapp,"93202 Daniel Drives, Lake Monicaview, ME 55869",2009-02-20
Jeffrey Vazquez,April Brady,"77715 Duarte Fort Apt. 576, Robertstown, NV 41807",2011-04-12
Michael Sutton,Ronnie Wilson,"23858 Kathryn Views, South Jamieshire, KS 08383",2010-09-11
Jackie Diaz,Annette Baker,"286 Owen Tunnel, Atkinsonmouth, MO 95608",2011-05-09
Dakota Baker,Sandra Yates,"58203 David Lakes, West Ellen, CT 24014",2010-10-31
Dawn Rose,Stacy Juarez,"5645 David Rapid, North Davidfort, CO 84093",2010-06-19
Mary Ferguson,Bethany Floyd,"2868 Veronica Fork Suite 838, Gomezchester, AS 25318",2010-06-30
Sara Moore,Holly Elliott,"3451 Jason Roads, West Carolyn, ME 90390",2009-12-08
Joseph Bell,Diane Simpson,"6659 Gregory Trafficway, Alyssastad, UT 44271",2010-04-09
Justin Nguyen,Justin Chen,"860 Melanie Village Suite 061, Prestonchester, AZ 16858",2010-06-04
Dylan Carpenter,Taylor Roberts,"650 Scott Center Suite 441, South Brian, MO 38984",2009-12-26
Joshua Harris,Danny Jackson,"45643 Maldonado Ridges Suite 648, Williamhaven, WY 95272",2010-08-31
Sheri Mills,Aaron Taylor,"141 Travis Prairie Apt. 400, Port Stephenside, PA 00990",2010-02-05
Bethany Adams,Elizabeth Diaz,"9677 Johnson Drive, Juliefort, IA 36452",2009-12-18
Marie Williams,Patrick Logan,"4957 Scott Knoll Apt. 655, Marissabury, KY 94181",2011-06-14
Veronica Moore,Amy Burke,"212 Livingston Trail Apt. 998, Lake Rhondaville, CA 09793",2009-12-30
Jennifer Campbell,Angel Rogers,"603 Anderson Court Suite 993, South Matthewmouth, ND 31793",2011-08-30
Steven Jackson,Arthur Lozano,"301 Shawn Plaza, Houstonfurt, OK 45053",2011-07-16
Catherine Lee,Tyler Larsen,"653 Mccarthy Fort Apt. 967, Wardhaven, GU 21854",2010-11-13
Raven Barry,William Torres,"820 Soto Point Apt. 663, Kellyfurt, UT 15141",2009-04-21
Christian Frost,Joshua Forbes,"Unit 3199 Box 5146, DPO AE 05948",2010-12-01
Sara Green,Jeffrey Mcdonald,"932 Gould Mountain Apt. 975, New Teresamouth, AK 66028",2009-12-13
Timothy Fuller,Charles Vega,"29175 Debra Keys, New Joseph, MO 93434",2010-09-04
Valerie Brown,Jill Morgan,"54432 Anne Cliff, Garciafort, NE 29428",2009-07-20
Amanda Mills,Jon Jimenez,"481 Williams Wells Suite 844, Donaldport, MD 42644",2009-10-24
Laura Garcia,John Fisher,"9966 Williams Rest, Tapialand, AK 43748",2011-02-02
Jasmine Reese,Justin Potter,"289 Johnny Place, Port Tiffany, OK 01359",2009-03-08
Andre Mills,Martha Chang,"95114 White Locks Apt. 262, North Johnbury, VT 69414",2011-07-03
Diane Brown,Angela Nguyen,"621 Mcdowell Lock Apt. 826, Lake Susanberg, FM 89475",2010-07-17
Cassandra Schneider,Christina Aguilar,"3117 Jill Radial, New Cynthia, MI 25455",2011-05-08
Jill Moody,Robin Snow,"787 Miles Junction, East Benjaminfort, PR 89179",2010-06-29
Tammy Kerr,Norma Oliver,"59829 Jason Locks Suite 166, Port John, NE 98284",2010-03-25
Angela Smith,Laurie Stephenson,"1873 Proctor Crossroad Apt. 737, Lake Richard, SC 08197",2011-09-11
Andrea Spencer,Amy Shah,"533 Megan Road Apt. 977, Harrisonburgh, IN 57695",2011-02-25
Kathleen Zhang,Michael Bennett,"3947 Reed Junction Suite 616, New Michellefort, IN 03037",2010-08-24
Alexandra Rose,Tiffany Warren,"951 Cooper Centers Suite 812, North Davidshire, LA 95953",2009-04-24
Keith Miranda,Justin Myers,"96321 King Field, New Christineport, MH 27289",2011-03-22
Lisa Rowland,John Brown,"06639 Allison Street Apt. 470, Lake Sarahfurt, CO 88728",2009-05-11
Ashley Matthews,Collin Mercado,"40592 Grace Burgs Suite 375, Mcclurefurt, WV 93552",2011-08-27
Yvette Galvan,Barbara Moore,"PSC 3528, Box 8494, APO AE 20377",2010-09-12
Stephanie Miller,Phillip Smith,"0348 Misty Isle Apt. 765, North Jenniferbury, MA 16606",2010-09-03
Kevin Bowen,Courtney Johnson,"9233 Perez Drive, Lake Mariamouth, GA 44981",2010-01-08
Ms. Nancy Cruz,Randy Huerta,"3624 Nixon Cove Apt. 822, Howellside, NY 16421",2009-04-07
James Cook,Jessica Maynard,"99506 David Way, Marybury, NY 54326",2009-01-10
Elizabeth Hernandez,William Clements,"91606 Michael Ports, Danielleville, MD 23878",2010-08-25
John Anderson,Jon Sosa,"2209 Young Knoll Apt. 616, New Russell, MS 14467",2011-06-08
James Anderson,Juan Camacho,"USNV Kemp, FPO AE 69989",2011-03-26
Christine West,Anthony Leon,"7764 Jessica Station, North Justin, OH 90628",2010-05-11
Jesse Scott,Renee Phillips,"3998 Emily Heights, Port Claudia, PR 48040",2011-08-04
Chad Conner,Mark Wright,"PSC 0013, Box 7849, APO AE 40374",2010-08-11
Roger Hays,James Bailey,"3085 Glass Green, Josephburgh, MN 14940",2009-02-23
Michael Ellison,Linda Gill,"6323 Green Corners Suite 424, New James, NV 84285",2010-08-03
Mary Maxwell,Amanda Jensen,"9349 Joanne Burgs, Port Michaelton, SD 75266",2011-09-23
Daniel Harris,Dana Glass,"5114 Anthony Cliffs, East Laurenbury, AL 13289",2010-07-04
Darren Dickerson,Jacob Riley,"0203 Wesley Gateway Suite 706, Allenport, IN 05209",2011-04-13
Derrick Jones,Brendan Lee,"14582 Cobb Pines Apt. 118, North Blakehaven, OK 54006",2009-04-05
Lisa Zimmerman,Dennis Parker,"PSC 7717, Box 4003, APO AE 36647",2009-01-29
Melanie Guzman,Debra Steele,"50997 Brady Track, New Jessicastad, PA 30201",2009-10-02
Tammy Scott,Jason Miller,"840 Kenneth Drives Suite 724, Hodgestown, WA 57800",2009-10-22
Karen Johnson,John Snow,"17435 Smith Stream Suite 400, Sandrafort, GA 75230",2010-12-21
Michael King,Rebecca Browning,"006 Michael Orchard Apt. 069, Lewisside, DE 30473",2009-01-08
Shane Medina,Becky Gallagher,"066 Steven Flats Suite 524, South Justinmouth, AL 54558",2009-04-06
Jason Miller,Richard Shaffer,"262 Gonzales View Apt. 661, Amyborough, GA 02618",2010-11-11
Alejandro Fowler,Daniel Guzman,"USS Miller, FPO AE 25800",2010-01-21
Jamie Mccarthy,Paul Odom,"613 Stephen Key, Porterport, MO 41702",2011-01-08
Shannon Peterson,Mark Green,"9615 Osborne Lakes Apt. 359, West Richardville, MA 40931",2009-04-16
Scott Hampton,Matthew Castillo,"475 Olsen Place Apt. 831, Haileyborough, WY 79816",2010-08-29
Harry Owens,Lindsey Olson,"0713 Trujillo Mountains Suite 796, Claytonberg, AR 09144",2010-10-20
Jeremy Buck,Shawn Moreno,"11671 Nicholas Mall Apt. 016, North Meganstad, MP 56553",2009-01-11
Carol Campbell,John Wells,"15105 Theresa Spring, West Emma, IL 36808",2009-11-17
Toni Lewis,Kenneth Raymond,"16917 Patricia Union Apt. 067, Nancyside, NE 17329",2011-08-05
William Jones,Anthony Mitchell,"826 Smith Fields, South Jeffrey, VI 27990",2011-04-26
Wayne Chen,Jeffrey Nelson,"735 Garcia Squares, New Emilyfurt, NH 34502",2009-05-29
Michael Brown,Todd Gilbert,"USS Williams, FPO AP 60237",2010-09-10
Samuel Brown,Matthew Lucas,"978 Monique Inlet Suite 475, South Jonathan, FM 82890",2009-11-11
Mrs. Holly Ramsey,Matthew Benton,"3107 Michael Plain Suite 534, South Wendy, ND 55643",2011-01-26
Jessica Miller,Steven Meyer,"222 Christopher Lake Apt. 421, Lake Chloeside, NC 83995",2010-03-27
Kenneth Martin,Paul Webb,"102 Allen Isle, Port Natalie, FL 63847",2009-09-17
Felicia Berry,Michael Lopez,"1430 Tucker Gardens Apt. 173, North Rachel, MA 18424",2011-06-15
Carrie Wilcox MD,Cynthia Miller,"040 Rodriguez Road Suite 890, East Michelleview, MT 98473",2010-01-18
Cody Robertson,Chad Reeves,"061 Alexander Track Apt. 696, New Kevinport, ND 38940",2011-05-12
Thomas Clayton,Scott Clark,"Unit 5683 Box 4805, DPO AA 59897",2009-06-22
Megan Jensen,Angela Turner,"9684 Brianna Extensions Apt. 141, Tylershire, NE 58160",2011-05-03
Michael Sanchez,Matthew Hernandez,"98409 White Tunnel Apt. 127, North Carlos, AZ 50916",2011-09-19
Curtis Johnson,Jessica Owens,"4210 Richard Landing, West Steven, LA 91022",2009-12-20
Charlotte Moreno,Cynthia Brown,"1987 Wilson Canyon Apt. 255, Guerraside, PW 72383",2010-01-10
Derek Brown,Ashley Dunn,"846 Kim Street, South Brianaview, IL 95910",2009-02-10
Kimberly Adams,Gary Lucas,"0328 Steve Crescent, Johnmouth, CO 88426",2010-09-17
Ryan Hutchinson,Kristine Williams,"541 Marco Glens Apt. 055, East Amyview, UT 19228",2011-04-06
Kimberly Stewart,Brian Reese,"436 Wright Rapid, South Hollymouth, SD 22198",2010-11-30
Bryan Holloway,Robert Ward,"755 Anne Lake, New Ericaview, MO 50578",2010-11-02
Ryan Cook,Kevin Jones,"69669 Waters Isle, Williamsmouth, TX 47176",2009-10-04
Diana Wright,Robert Holloway,"2033 Teresa Alley Suite 118, North Patriciafurt, CO 57457",2011-04-23
Kenneth Hale,Robert Sanchez,"606 Shannon Bypass, Hallville, NH 61024",2010-04-11
Teresa Brown,Heather Richmond,"Unit 7933 Box 9313, DPO AE 61986",2009-11-14
Lisa Benton,Autumn Brown,"431 Francis Courts, Lake Donna, WI 75002",2010-08-18
Evan Poole,James Lee,"452 Parker Lights, North Derrickview, MN 35185",2010-04-17
Rebecca Richards,Gerald Fisher,"Unit 2280 Box 7179, DPO AP 02204",2009-07-27
Melissa Schaefer,Mr. Michael Parks,"02150 Santiago Mill Apt. 867, Gilbertbury, MA 23494",2009-08-09
Elizabeth Munoz,Carmen Fisher,"Unit 4446 Box 0428, DPO AP 43005",2009-12-25
David Meyers,Shawn Torres,"4454 Stevens Underpass, Waltonmouth, KY 18765",2010-08-01
Mark Calhoun,Cindy Morse,"569 Michael Squares Suite 262, Annetteborough, TN 90621",2009-11-04
William Reid MD,Colleen Pierce,"171 Jose Lake, Parkerchester, GU 98928",2010-10-17
Evan Robinson,Scott Rodriguez,"2027 Salazar Pike, Johnchester, AS 49850",2009-09-29
Kaitlyn Branch,Michelle Allen,"694 Kathleen Loaf, Timothyborough, SD 92583",2009-02-02
Gregory Gutierrez,Gregory Cook,"031 Brett Overpass Suite 060, East Christineville, CO 83579",2009-07-02
Jennifer Shelton,Monique Velasquez,"5775 Brown Courts, West Anne, UT 11757",2010-07-13
Martha Lawson,Tammy Garcia,"4808 Ritter Route, North Jeremyview, NJ 43918",2009-01-05
Alan Estrada,Jeremy Collins,"Unit 3530 Box 8922, DPO AE 50727",2009-01-06
Mikayla Carter,Brittany Drake,"530 Jamie Pine, Lake Jeffrey, VA 61373",2009-03-09
Darryl Garcia,Michael Warner,"7004 George Squares, Lake Bobbyhaven, CA 44025",2011-05-26
Cole Francis,Crystal Gilmore,"6478 Alvarez Points, Kellyberg, SC 87438",2009-10-20
Katherine Scott,Shannon Adams,"USNS Calderon, FPO AP 89232",2011-01-20
Anthony Miller,Dr. Jose Peters Jr.,"730 Ball Landing Suite 064, Port Thomas, HI 85676",2011-08-03
Ashlee Gray,Barbara Brennan,"941 Michael Run Suite 675, Port Carol, KS 24309",2010-10-03
Stephanie Guerra,Andrea Kelly,"8697 Michael Park, North Robert, TN 44575",2010-12-24
Kyle Boyle,Jennifer Hayes,"7138 Jennings Port Suite 713, Keithmouth, AR 84544",2009-10-31
William Li,David Glover,"9489 Mcdonald Plain, New Scott, MN 39574",2010-10-21
Crystal Moreno,John Thompson,"894 Jenkins Ways, North Mary, WY 60211",2010-12-25
Steven Jones,Lindsay Villa,"32097 Arthur Stravenue Apt. 624, Michaelburgh, VA 23984",2010-03-08
Blake Soto,Michael Wilkerson,"6338 Scott Villages, Lake Trevorville, FM 14705",2009-11-21
Sandra Coffey,Kayla Hernandez,"28354 Glover Center, Wigginsborough, NV 28015",2009-10-07
Jason Moore,Gabriel Yu,"316 Amy Burg, Port Norma, ND 76656",2009-11-16
Nathan Castaneda,Amy Hale,"6534 Spencer Parks Apt. 677, North Maryview, ID 36330",2009-08-26
Christina Salazar,Jordan Garcia,"PSC 2401, Box 3342, APO AA 12952",2011-03-25
Madison Williams,Matthew Galvan,"8174 Martin Corner Apt. 211, North Karen, KY 90930",2009-02-24
Joseph Jackson,Richard Wright,"479 Jones Court, North Michaelfurt, NY 73938",2009-10-14
Melissa Price,Dr. Amber Moore MD,"0185 Cook Forks, Melaniemouth, OH 59661",2011-08-08
Katherine Hatfield,Gabrielle Sanchez,"351 Beltran Bridge Apt. 274, Zacharyshire, KS 03133",2011-07-28
John Jackson,Jessica Brennan,"573 Jacob Cliff Apt. 260, Laurafurt, UT 41385",2011-04-08
Megan Ellis,Patrick Ramirez,"USCGC Davis, FPO AA 73925",2010-01-12
Jacob Case,Renee Mills,"9882 Burns Islands Apt. 512, West Ashley, CO 05177",2009-03-01
Megan Stewart,Dale Durham,"93147 Greg Trail, Brownborough, KY 35699",2009-09-04
Kenneth Fisher,Nicholas Buck,"439 Patrick Mountains Suite 753, Brendaburgh, GA 27506",2010-03-18
Ashley Powers,Lisa Cook,"3924 John Lock, Christinaberg, AK 94866",2009-04-01
Sandra Smith,Pamela Benjamin,"47560 James Circle Apt. 212, Singhland, NM 24544",2010-12-11
Amanda Mckay,Michele Wilson,"119 Eric Shoal, Brianville, MS 73525",2009-05-17
Natasha Cox,Hannah Nielsen,"82881 Mike Port, Port Tammy, NY 58734",2009-05-28
William Jordan,Shelly King,"33936 Jensen Lights, Port Jamie, DC 92867",2009-09-20
Kevin Edwards,Karina Williams,"PSC 4912, Box 8628, APO AA 13251",2010-06-25
Rhonda Contreras,Kimberly Smith,"220 Maria Meadows Suite 032, Ashleyside, HI 73392",2011-05-02
Paula Berg,Renee Le,"291 Nash Corners, Thomasside, MS 48071",2011-05-07
Jeffrey Lewis,Robert Miller,"641 Lopez Knolls Apt. 895, West Julie, MS 49179",2010-09-21
Janice Tyler,Robert Johnson,"319 Payne Mission Suite 096, East Micheleview, HI 58540",2009-09-30
John Miller,Robert Sanchez,"99034 Nichols Fords Suite 496, South Charles, MS 95654",2009-07-09
Mrs. Jean Silva,Fernando Anderson,"39211 Michael Pine Suite 677, Leechester, NM 68327",2010-10-13
Carolyn Davila,Sandra Taylor,"25133 Pena Forges Apt. 831, Nicholestad, NE 14824",2010-07-20
Shannon Cowan,Ryan Huerta,"38671 Jennifer Court, East Robertborough, NE 42337",2011-06-09
Albert Sawyer,Michael Richards,"09526 Patricia Branch, South Patrickview, CA 83709",2009-03-06
Tyler Murphy,Anita Frey,"40882 Smith Loop, East Shawnview, TX 24815",2011-07-30
Jeffrey Le,Henry Thomas,"35059 Brian Point Suite 469, East Stephanieburgh, VI 66518",2010-01-16
Matthew Nguyen,Mr. Eric Estrada,"3865 Peter Meadows, Christophershire, PR 72001",2009-10-16
James Lewis,Monica Small,"289 Jacob Station Suite 120, Madelinestad, ME 58905",2010-04-06
Nancy Russell,Jenna Barrett,"03876 Nicholas Meadows, North Joshuaport, WY 96566",2009-03-29
Christina Kim,Larry Hawkins,"9772 Jackson Wells, South Ashleymouth, KY 11101",2010-03-31
Jamie Olson,Emily Smith,"136 Wallace Stravenue Suite 931, Ianville, SD 29046",2010-06-06
William Hunt,Stephen Hunt,"8839 Trevino Glens Apt. 835, Alexisside, KY 62259",2009-11-23
Mark Rojas,Michael Gonzalez,"0054 Johnson Parkways Suite 368, Sanchezbury, AL 36617",2009-07-03
Jay Hayden,Denise Valdez,"0929 Jose Falls Suite 038, Port Melissastad, AS 11500",2009-02-28
Francis Allen,Kristin Ross,"72339 Tanya Landing, Lawrenceport, NY 10478",2009-06-13
Kyle Smith,Erin Rodriguez,"688 Watson Ports Suite 145, Tammybury, DE 91529",2010-01-09
Connie Doyle,April Hudson,"56436 Katherine Green, South Andrewborough, KY 08669",2011-06-30
Stephen Walsh,Regina Calderon,"6324 Kelly Tunnel Apt. 897, New Michaelville, SD 95472",2010-12-19
Stacey Nixon,Scott Newman,"7627 Chelsea Crossing, Keithland, IA 38504",2010-10-22
Bruce Lawson,Kayla Nguyen,"8297 Hill Canyon, Janetfort, WY 05083",2010-04-03
Timothy Davis,Dustin Underwood,"40145 Emily Forges Suite 324, South Kaylabury, WA 02887",2011-08-11
Brett Brown PhD,Matthew Friedman,"1973 Zavala Mount, Walterview, NY 38434",2009-06-02
Laura Miranda,Benjamin George,"9812 Wiley Locks Suite 324, North James, MT 41152",2009-10-23
Luke Morris,James Liu,"0482 Allison Route Suite 009, Aimeeside, NC 49697",2011-03-13
Michael Thompson,Brian Campbell,"PSC 5899, Box 4572, APO AP 84546",2009-02-16
Angela Weber,Jesus Guerra,"5231 Everett Wells, North Brett, PW 81792",2010-08-23
Timothy Baker,Dana Johnson,"217 Lisa Vista Apt. 750, Port Emily, ME 95663",2011-08-21
Victoria White,Jamie Davies,"USS Collins, FPO AP 33155",2009-03-21
Karen Martinez,Robert Ramirez,"878 Durham Junction, Wilsonborough, UT 48710",2010-04-19
Catherine Griffin,Rachel Wolfe,"0409 Shannon Walks Suite 714, East Jamesburgh, NY 35529",2009-06-29
Derek Gross,Mindy Stephens,"089 Brent Extension Apt. 884, Brownport, VT 99184",2010-05-27
Teresa Welch,Jonathan Butler,"723 Anderson Well, Rachelview, OK 83519",2010-01-20
Donald Collins,Mario Hanson,"03130 Steve Crossroad, North Crystalview, IN 35063",2010-04-10
David Perry,Thomas Reid,"30148 Bennett Mission Suite 144, Lake Dan, AK 85347",2009-11-02
Robert Curtis,Thomas Olson,"2975 Austin Mountain Suite 200, Singletonmouth, HI 96776",2009-11-24
Shannon Harding,Victoria Morales,"2044 Campos Light Apt. 473, South Christian, PW 09141",2011-08-14
Monique James,Oscar Williams,"6678 Frazier Viaduct Apt. 572, Jeanetteview, RI 48464",2011-05-31
Daniel Bowen,Ronald Moore,"397 Bonilla Streets, Jennifermouth, NJ 03951",2010-10-08
Paul Roman,Christina Sanford,"PSC 2511, Box 2328, APO AE 49605",2009-09-24
Janice Gonzalez,Thomas Gordon,"0715 Patricia Wells, Jillport, AZ 15179",2011-09-07
Rebecca Pratt,Tracey Mills,"667 Lauren Trail Apt. 844, South Feliciaville, KY 98587",2010-03-29
Emily Fernandez,Carol Cook,"64551 Mary Extension, New Nicholasbury, PR 95729",2010-07-05
Walter Fernandez,Jeanette Pierce,"900 Munoz Trace Suite 888, North Ashley, KY 61410",2010-05-16
Matthew Bell,Jerry Roberts Jr.,"USCGC Turner, FPO AP 93733",2011-08-20
Aaron Mckenzie,Danielle Ballard,"USNV Nixon, FPO AE 50418",2009-01-24
Jerry Smith,Ana Norris,"66595 Jade Garden, Jamesstad, MT 84763",2010-12-14
Dale Sanchez,Ryan Gonzales,"20227 Beard Ranch Apt. 137, Benjaminland, IN 32195",2009-12-11
Kristina Walker,Nancy Parks,"4636 Villegas Track, Ericachester, VT 84588",2009-12-19
Clinton Kidd,Shawn Jordan,"681 Nicholas Wells, Lake Cassandra, NC 01013",2009-12-22
Connor Roberts,Shane Pennington,"323 Susan Brook, South Kristinaview, AZ 83486",2009-01-22
Charles Perez,Stanley Wilson,"964 Jones Creek, Woodston, UT 56606",2009-01-20
Morgan Cunningham,Haley Miller,"690 Rogers Parks Suite 774, West Antonioborough, VT 85544",2009-10-21
Allison Griffith,Deborah Jackson MD,"653 Chapman Manors Apt. 895, Fullerville, NE 12527",2010-07-28
Chelsea Collins,Dennis Hawkins,"80869 Steven Walks Apt. 791, Port Amandastad, AZ 57372",2011-07-19
Melissa Moody,Olivia Chase,"5763 Dorothy Point, Alfredborough, ME 67634",2010-08-21
Lawrence Bailey,Dr. Bill Jensen,"249 Henry River Apt. 466, New Misty, WA 84977",2009-05-14
Randy Marshall,Justin Martin,"40471 Hobbs Crossing, West Joshuaborough, MA 45644",2010-01-30
Peggy Porter,Victoria Austin,"177 Cooper Valleys Apt. 371, Deannastad, VA 44926",2009-07-25
Stephen Sanford,Andrew Campos,"7172 Brenda Coves, Angelton, WV 79229",2010-04-27
Timothy Cole,Marcus Schultz,"0269 Timothy Mews, Lake Tammymouth, FM 25006",2009-07-22
Veronica Johnson,Latoya Simmons,"053 Lewis River, Debraborough, MN 09380",2010-02-03
Jessica Huff,Mr. Jeffrey Cortez,"37875 Vance Points Suite 988, South Kevinchester, NY 42680",2009-07-11
Meghan Wilson,John Robinson,"27771 Christopher Avenue Apt. 847, Scottside, CO 60290",2009-12-16
Nicholas Bond,Deborah Glover,"Unit 8983 Box 7357, DPO AE 91666",2009-05-20
Karen Jimenez,Jessica Price,"70344 Chad Well, West Heather, PW 60004",2009-02-21
Jennifer Lewis,Susan Ballard,"897 Carlson Unions, New Brian, HI 90274",2011-06-16
Lisa Wilson,Penny Foster,"PSC 3838, Box 5372, APO AP 09556",2010-01-26
Seth Gillespie,Mike Lawrence,"949 Clark Islands, Schwartzville, MT 16726",2009-09-08
Jeffery Brown,Leonard Mora,"12248 Alicia Lake Suite 377, Kristitown, VA 40010",2009-01-27
Melissa Brown,Troy Jenkins,"2286 Stewart Unions Suite 490, East Kirsten, CA 14855",2010-03-02
Alex Fuller,David Brown,"20359 Brooks Square Suite 870, Lake Mirandaview, NV 09765",2009-09-09
Megan Villarreal,Karen Harris,"8890 Carolyn Forest, Seanfort, GU 73338",2011-08-26
Luke Fischer,Eugene Kirk,"959 Jacob Courts Apt. 179, Weissport, CA 10407",2010-01-06
Lisa Chaney,Tony Smith,"6144 Donna Mall Suite 242, Joneston, FM 46257",2011-03-05
Jeanne Murray,Kelly Rogers,"9853 Combs Springs Apt. 584, North Shannon, UT 62328",2010-05-08
Joy Acosta,Brittany Williamson,"Unit 2759 Box 7252, DPO AE 91933",2010-06-02
Mark Hayes,Robert Gibson II,"6242 William Inlet Suite 573, Warrenbury, AR 37960",2010-11-14
Dana Taylor,Michael Estes,"14122 Cannon Spurs, North Tyler, OK 57595",2009-07-29
Mr. David Evans,Brandon Price,"95128 Mark Row Suite 347, Knappville, AR 68812",2010-11-23
Paul Curtis,Antonio Kelly,"802 Sean Forge, Michaelton, OR 27771",2009-12-05
Dakota Shah,Jesse Kim,"6770 Jorge Views, North Kylehaven, VI 68536",2010-08-15
Jonathan Wallace,Erin Flores,"51993 Evelyn Port Apt. 389, Kathleenfort, VT 12935",2011-07-29
Theresa Stewart,Jeremy Fernandez,"8618 Steven Crest, Brookschester, GU 23919",2009-10-01
Bradley Joyce,Jason Walters,"4297 Stacy Coves Apt. 648, Manuelchester, FL 09150",2009-01-02
Tyler Escobar,Matthew Smith,"2673 Michael Unions, Port Nancy, AR 00878",2011-04-14
Rachel York,Cindy Marquez,"860 Rodriguez Keys Apt. 275, Lake Kelsey, VT 93985",2010-05-20
Diamond Brown,Laura Thomas,"913 Richard Landing, East Tracychester, WV 97676",2010-05-24
Michael Cohen,Alexander Marsh,"371 Cortez Heights, East Nicolebury, KY 79646",2011-03-23
Shawn Boyd,Patricia Ferguson,"PSC 2186, Box 3188, APO AP 37668",2011-03-06
Kyle Marshall,Tiffany Taylor,"USNV Brown, FPO AP 42342",2009-03-19
Laura Long,Mark Reed,"828 Mccarthy Brooks, East Angelica, RI 57675",2009-09-14
Keith David,Renee Caldwell,"8759 Williams Groves Apt. 252, Jennifertown, NE 51157",2010-02-26
James Arnold,Joshua Johnson,"68242 Jenkins Ridges Suite 965, Lake Travismouth, ME 64392",2010-03-07
Charles Perez,Steve Williams,"PSC 8559, Box 0841, APO AP 46716",2010-10-30
Nicole Perkins,Tyler Sullivan,"0649 Clayton Oval Suite 454, Bennettburgh, AR 65480",2011-06-26
James Morris MD,Joseph Ford,"276 William Greens Suite 145, North James, MA 44969",2009-02-08
Danielle Holland,John Barton,"4566 Dennis Common, Port Marcfurt, VT 10933",2011-03-15
David Mercado,Joel Bates,"82348 Hess Square, Jacobberg, AZ 08234",2009-01-09
Mark Mclean,Stacy Garcia,"59019 Michael Views Suite 665, Taylortown, NC 31389",2011-02-05
Robert Cox,Tyler Decker,"84409 Mahoney Burgs, East Hannah, OR 81560",2010-11-29
Dawn Chavez DVM,Matthew Kramer,"379 Brooks Place Apt. 659, North Gary, CO 98528",2009-07-24
Daniel Hernandez,Natalie Gross,"4634 Smith Brook Apt. 609, West Elizabethfort, MI 62071",2009-03-17
James Hall,Dana Olson,"2636 Bonilla Passage, East Isaacland, HI 95488",2011-02-22
Sophia Galloway,Steve Robinson,"3181 Mcdowell Glen, East April, NM 57001",2011-08-19
Michael Anderson,James Chang,"53495 Sanders Stravenue, Kaitlyntown, TN 15676",2009-04-17
Robert Stevenson,David Fernandez,"31013 Keith Rest Apt. 232, New Patrickshire, KY 42379",2010-06-17
Blake Young,Rodney Smith,"180 Howard Lodge Suite 826, New Nicole, VT 71261",2010-06-09
James Riley,Brandi Anderson,"1137 Kristen Plains, Dominiquemouth, KS 88844",2009-12-03
Jennifer Murillo,Julia Murphy,"USCGC Bartlett, FPO AP 55266",2010-02-10
Pamela Gibson,Samantha Sullivan,"452 Schwartz Fork Apt. 717, Karenshire, FM 83402",2010-07-18
Stephen Owen,Joe Joyce,"06996 Russo Turnpike Apt. 173, Hollowayshire, DC 82761",2009-06-20
Jennifer Allen,Kathleen Savage,"92113 Cassie Lane, South Jacobmouth, IA 49642",2011-09-08
Gary Benson DVM,Thomas Knapp,"872 Burns Lakes Suite 660, West Ronald, OR 72924",2010-05-14
Mariah Montes,Andrea Allen,"44511 Katrina Plains, Port Tim, CO 25670",2009-09-02
Hailey Gomez,Brian Richard,"881 Robert Field, Jenniferborough, AS 89918",2009-08-11
Natasha Martinez,Sarah Page,"2197 Nicole Turnpike Suite 552, Williamsside, GA 83413",2009-07-31
Lisa Blair,Mark Jordan,"USCGC Rogers, FPO AE 79649",2010-03-10
Michael Morales,Robert Jones,"25430 Matthews Trace Suite 140, Wileyhaven, NJ 23944",2009-10-27
Mrs. Alyssa Rivas,Gabriel Rose,"USNS Crawford, FPO AP 86851",2011-03-02
Michael Evans,Joseph Moore,"486 Vaughn Expressway Apt. 197, Lake Russell, TN 05496",2009-03-11
Danny Powers,Nicholas Elliott,"18723 Cochran Ports Suite 822, East Thomas, CO 86232",2010-08-30
Kristi Lee,Valerie Torres,"USS Thomas, FPO AA 43359",2011-04-07
Emma Davis,Tyler Christensen,"02550 Henry Underpass Suite 892, Lake Earlburgh, GA 44731",2011-02-11
Christopher Moore,Randy Ward,"1591 Tara Villages, Debratown, TN 38322",2011-08-13
Ronald Wilson,Paula Massey,"PSC 4316, Box 5661, APO AE 18502",2009-02-12
Denise Wilson,Elizabeth White,"6372 Brandon Skyway, South Paul, KS 50790",2009-06-16
Amy Osborn,Kimberly Reid MD,"32122 Smith View, Port Robert, NY 39411",2011-03-24
